-0.0392370617,0.2091364661,0.8292621970
-0.0444654415,0.2631787990,1.0283966064
-0.0273598058,0.2288077911,0.8605542779
0.0793656267,0.1476961996,0.7785240412
-0.0428689979,0.2047390799,0.8254953027
-0.0398102746,0.2083549634,0.8286409378
0.0008999090,0.2296251871,0.8114055395
0.0022636967,0.2312500113,0.8127190471
0.1104775426,0.1779888281,0.8043589592
-0.0584093364,0.1594549728,0.7544240355
0.0019365529,0.1233570821,0.8337671757
-0.0470051737,0.1905202610,0.8187363148
-0.0453885997,0.1924473308,0.8204042912
-0.0448725484,0.1930432083,0.8209308386
-0.0304649591,0.1924611234,0.7812556028
-0.7477396253,-0.6576284094,0.0917080566
-0.7477396253,-0.6576284094,0.0917080566
-0.7477396253,-0.6576284094,0.0917080566
-0.5341161847,-0.4348015932,0.3066642284
-0.5334659062,-0.4342001103,0.3065024912
-0.7477396253,-0.6576284094,0.0917080566
-0.7477396253,-0.6576284094,0.0917080566
-0.7477396253,-0.6576284094,0.0917080566
-0.5338332424,-0.4057766286,0.2795932591
-0.7477396253,-0.6576284094,0.0917080566
-0.7477396253,-0.6576284094,0.0917080566
-0.7477396253,-0.6576284094,0.0917080566
-0.7477396253,-0.6576284094,0.0917080566
-0.7477396253,-0.6576284094,0.0917080566
-0.5976811713,-0.4651482988,0.2935461104
-0.5365181441,-0.4369874025,0.3072568774
-0.5354276735,-0.4359723010,0.3069846928
-0.5312684855,-0.4321750912,0.3059568703
-0.5298793938,-0.4308924098,0.3056115806
-0.7477396253,-0.6576284094,0.0917080566
-0.7477396253,-0.6576284094,0.0917080566
-0.0199131044,0.0350402800,0.1790504605
-0.0303270093,0.0260671704,0.1822844744
-0.0201098479,0.0349300324,0.1791138798
-0.0399077142,0.0181996559,0.1849742979
-0.0202639367,0.0348432732,0.1791705042
-0.0201837919,0.0348884888,0.1791408360
-0.0202341475,0.0348601023,0.1791598499
-0.3540529453,-0.3104001293,0.1425703019
-0.0307065419,0.0258540652,0.1823672205
-0.0307448025,0.0258323631,0.1823686957
-0.0266025077,0.0292951610,0.1811786890
-0.0299586398,0.0262745811,0.1821304858
-0.0299257066,0.0262941695,0.1821146309
-0.0298639528,0.0263314203,0.1820851713
-0.1531928019,-0.0762868416,0.2033825517
-0.2941818416,-0.1940384429,0.2255203873
-0.8791362451,-0.4486839485,0.3923760056
-0.8791362451,-0.4486839485,0.3923760056
-0.8791362451,-0.4486839485,0.3923760056
-0.8791362451,-0.4486839485,0.3923760056
-0.8791362451,-0.4486839485,0.3923760056
-0.8791362451,-0.4486839485,0.3923760056
-0.8791362451,-0.4486839485,0.3923760056
-0.8791362451,-0.4486839485,0.3923760056
-2.6049104174,-1.1171377917,0.9534806609
-2.6102852364,-1.1170377351,0.9570745230
-2.6131234895,-1.1169973584,0.9589877725
-2.6581113727,-1.1159871828,0.9898874760
-1.7177163060,-0.9160793698,0.5976467729
-1.7510720805,-0.9306177566,0.6072055697
-1.7178556856,-0.9161047000,0.5976952910
-1.7509019337,-0.9305864415,0.6071419120
-1.7224302202,-0.9185722294,0.5980030894
-2.6523515001,-1.1205635719,0.9826086164
0.0631907068,-0.1193707067,-0.0898351148
-0.3812710996,-0.4466502129,-0.1628268957
-0.9987770499,-0.9422161478,-0.2450612932
0.7569542593,0.0850558174,-0.2448390573
-2.0627308293,-0.9222546417,0.7195732594
-1.0174602658,-0.9477083642,-0.2317646891
-0.9900275486,-1.0460978298,-0.3674021959
-3.3650420644,-1.2966920486,1.2254017591
-3.3649703305,-1.2966960104,1.2252590656
-3.3647900262,-1.2967158195,1.2249149084
-3.3639171650,-1.2968165504,1.2232571840
-3.3631919020,-1.2969257951,1.2219177485
-3.3627702650,-1.2969957588,1.2211478949
-3.3626455103,-1.2970223956,1.2209290266
-3.5563474527,-1.3641254890,1.2937402725
-3.5563474527,-1.3641254890,1.2937402725
-3.5563474527,-1.3641254890,1.2937402725
-3.5563474527,-1.3641254890,1.2937402725
-3.5563474527,-1.3641254890,1.2937402725
-3.5563474527,-1.3641254890,1.2937402725
-3.5563474527,-1.3641254890,1.2937402725
-3.5563474527,-1.3641254890,1.2937402725
-3.5563474527,-1.3641254890,1.2937402725
-3.5563474527,-1.3641254890,1.2937402725
-3.5563474527,-1.3641254890,1.2937402725
-3.5563474527,-1.3641254890,1.2937402725
-3.5563474527,-1.3641254890,1.2937402725
-3.5563474527,-1.3641254890,1.2937402725
-3.5563474527,-1.3641254890,1.2937402725
-3.5563474527,-1.3641254890,1.2937402725
-3.5563474527,-1.3641254890,1.2937402725
-3.5563474527,-1.3641254890,1.2937402725
-3.5563474527,-1.3641254890,1.2937402725
-3.5563474527,-1.3641254890,1.2937402725
-3.5563474527,-1.3641254890,1.2937402725
-3.5563474527,-1.3641254890,1.2937402725
-3.5563474527,-1.3641254890,1.2937402725
-3.5563474527,-1.3641254890,1.2937402725
-3.5563474527,-1.3641254890,1.2937402725
-3.5563474527,-1.3641254890,1.2937402725
-2.8978425628,-1.4074944275,0.0629121363
-3.3482003523,-1.4333690521,0.3067147136
-3.3510101984,-1.4330128270,0.3103501797
-3.3361506526,-1.5611415224,0.0788003355
-3.3585373727,-1.6218198344,0.1451312602
-3.3624259252,-1.6202898195,0.1510932148
-3.3564389654,-1.6283129779,0.1129777208
-3.3791253495,-1.6198823438,0.1204273775
-2.9447665880,-1.5509942471,0.2164710760
-3.3521875285,-1.6279801864,0.1046416461
-3.3657344528,-1.6188586811,0.1561852992
-3.3567802706,-1.6273597005,0.1195679829
-3.3716163827,-1.6163518709,0.1652328521
-3.3745678422,-1.6150475102,0.1697789580
-2.9440214317,-1.5511136070,0.2157930285
-3.0877682319,-1.4249329389,0.1450840086
-4.0281683563,-1.3193641028,1.2040557861
-4.0293056468,-1.3193458954,1.2044608593
-4.0346291310,-1.3260531449,1.1793663502
-4.0238845506,-1.3286954151,1.1609306335
-4.0348218264,-1.3260519648,1.1794300079
-4.0214232589,-1.3286993769,1.1601572037
-1.2863010276,-1.5404727606,-0.0443146303
-2.1829712784,-1.3842752650,0.5443676114
-2.2461153075,-1.3817319978,0.5695411563
-3.2702828834,-1.3468959416,0.9304589629
-3.2655100900,-1.3470615787,0.9287662506
-3.2591083209,-1.3472761904,0.9264931679
-1.9383923368,-1.3945089624,0.4322413802
-1.9645018669,-1.3934626458,0.4441606402
-3.2299824040,-1.3482574534,0.9161537290
-3.2197317847,-1.3485981685,0.9125134945
-3.2160663576,-1.3487209001,0.9112120867
-3.2139052358,-1.3487878293,0.9104431868
-1.3740510349,-1.4719310952,-0.0920692459
-2.1913830729,-1.3839479105,0.5476894379
-2.1913830729,-1.3839479105,0.5476894379
-2.1913830729,-1.3839479105,0.5476894379
-2.1913830729,-1.3839479105,0.5476894379
-2.0754790498,-1.3885909970,0.5006332994
-0.5923949028,-1.4846565827,-0.6445835233
-2.1913830729,-1.3839479105,0.5476894379
-2.1913830729,-1.3839479105,0.5476894379
-2.1913830729,-1.3839479105,0.5476894379
-2.1913830729,-1.3839479105,0.5476894379
-2.1913830729,-1.3839479105,0.5476894379
-2.1913830729,-1.3839479105,0.5476894379
-2.1913830729,-1.3839479105,0.5476894379
-2.1913830729,-1.3839479105,0.5476894379
-2.1913830729,-1.3839479105,0.5476894379
-2.1913830729,-1.3839479105,0.5476894379
-2.1913830729,-1.3839479105,0.5476894379
-2.1913830729,-1.3839479105,0.5476894379
-2.1913830729,-1.3839479105,0.5476894379
-2.1913830729,-1.3839479105,0.5476894379
-2.1913830729,-1.3839479105,0.5476894379
-2.1913830729,-1.3839479105,0.5476894379
-2.1913830729,-1.3839479105,0.5476894379
-2.1913830729,-1.3839479105,0.5476894379
-2.1913830729,-1.3839479105,0.5476894379
-2.1913830729,-1.3839479105,0.5476894379
-2.1913830729,-1.3839479105,0.5476894379
-2.1913830729,-1.3839479105,0.5476894379
-2.1913830729,-1.3839479105,0.5476894379
-2.1913830729,-1.3839479105,0.5476894379
-2.1913830729,-1.3839479105,0.5476894379
-2.1913830729,-1.3839479105,0.5476894379
-2.1913830729,-1.3839479105,0.5476894379
-2.1913830729,-1.3839479105,0.5476894379
-2.1913830729,-1.3839479105,0.5476894379
-2.1913830729,-1.3839479105,0.5476894379
-2.1913830729,-1.3839479105,0.5476894379
-1.4038043076,-1.4687664148,-0.0626592711
-1.4038043076,-1.4687664148,-0.0626592711
-1.4038043076,-1.4687664148,-0.0626592711
-1.4038043076,-1.4687664148,-0.0626592711
-1.4038043076,-1.4687664148,-0.0626592711
-1.4038043076,-1.4687664148,-0.0626592711
-1.4038043076,-1.4687664148,-0.0626592711
-1.4038043076,-1.4687664148,-0.0626592711
-1.4038043076,-1.4687664148,-0.0626592711
-1.3825165613,-1.4760391538,-0.0844863653
-1.4038043076,-1.4687664148,-0.0626592711
-1.4038043076,-1.4687664148,-0.0626592711
-1.4038043076,-1.4687664148,-0.0626592711
-1.4038043076,-1.4687664148,-0.0626592711
-1.4038043076,-1.4687664148,-0.0626592711
-1.4038043076,-1.4687664148,-0.0626592711
-1.4038043076,-1.4687664148,-0.0626592711
-1.4038043076,-1.4687664148,-0.0626592711
-1.4038043076,-1.4687664148,-0.0626592711
-1.4038043076,-1.4687664148,-0.0626592711
-1.3948173904,-1.4708860930,-0.0703384429
-1.3970503252,-1.4712254647,-0.0684905648
-1.4038043076,-1.4687664148,-0.0626592711
-1.4038043076,-1.4687664148,-0.0626592711
-1.5036495858,-1.4612203745,0.0478100106
-1.4038043076,-1.4687664148,-0.0626592711
-1.8313661470,-1.4047855442,0.3206607997
-1.7830080226,-1.5383824665,0.2031950206
-1.4169011721,-1.6113542767,-0.1902855635
-1.8996332098,-1.5220468854,0.3948809803
-2.0251580097,-1.5531313452,0.4986914694
-1.9827016769,-1.5312206738,0.4749663174
-1.8956089444,-1.5228787799,0.3896200657
-2.0256595151,-1.5530715389,0.4992706776
-2.0262966068,-1.5530039353,0.5000250936
-1.9668590348,-1.5337253557,0.4553292692
-1.9720405262,-1.5329082547,0.4617574811
-1.9783938686,-1.5319082364,0.4696433842
-1.5269715972,-1.6166225801,-0.1182015538
-0.8633005151,-1.8575939833,-0.6236307621
-1.4787522465,-1.6116714897,-0.1476637423
-1.4780428571,-1.6119401917,-0.1483516097
-1.4790665830,-1.6115065217,-0.1473894119
-0.8174850363,-1.9338871969,-0.8023297191
-1.4788149979,-1.6116245855,-0.1475700736
1.8648312294,-3.3963966223,-3.7438759804
-0.7712084288,-2.0031479982,-0.9297291040
-1.4787881398,-1.6116207607,-0.1475828141
-1.5350718316,-1.6129248369,-0.1103436649
-1.4786755076,-1.6116558427,-0.1477795392
-1.4789950282,-1.6115497538,-0.1474497020
-0.8041987902,-1.9542209019,-0.8415083289
-0.8045370608,-1.9536063165,-0.8405084610
-1.4787039673,-1.6116826797,-0.1477556676
-1.4782893213,-1.6118198308,-0.1481278092
-1.4787824711,-1.6116571124,-0.1476364434
-1.4787883453,-1.6116525868,-0.1476238370
-0.1078984610,-2.4574095974,-2.0996549129
-0.0809945260,-2.4833751750,-2.1658377647
0.0469903643,-2.6077844953,-2.4827311039
0.0961124320,-2.6544433325,-2.6014888287
0.1087214204,-2.6666085989,-2.6325075626
-1.1098743935,-1.4644994520,0.0853188410
-0.2859438607,-2.3078901963,-1.6951124668
-0.3050389962,-2.2669496749,-1.6147328615
0.2404934579,-2.6319410458,-2.4897284508
-0.3050389962,-2.2669496749,-1.6147328615
-0.3050389962,-2.2669496749,-1.6147328615
-0.3050389962,-2.2669496749,-1.6147328615
-0.3050389962,-2.2669496749,-1.6147328615
-0.3050389962,-2.2669496749,-1.6147328615
-0.3050389962,-2.2669496749,-1.6147328615
-0.3050389962,-2.2669496749,-1.6147328615
-0.3050389962,-2.2669496749,-1.6147328615
-0.9610129679,-1.7935428697,-0.9395474792
0.2173120169,-2.5893860472,-2.4041528702
0.2173120169,-2.5893860472,-2.4041528702
0.2173120169,-2.5893860472,-2.4041528702
0.2173120169,-2.5893860472,-2.4041528702
0.2173120169,-2.5893860472,-2.4041528702
0.1028233904,-2.4795050827,-2.1206879616
0.1034410946,-2.4798877761,-2.1216108799
0.1059099727,-2.4814466195,-2.1252958775
0.1171906610,-2.4885540954,-2.1421353817
0.2173120169,-2.5893860472,-2.4041528702
0.2173120169,-2.5893860472,-2.4041528702
0.1571805181,-2.4981540517,-2.2252383232
0.1574420814,-2.4988015116,-2.2261302471
0.2173120169,-2.5893860472,-2.4041528702
0.1051813380,-2.4809755863,-2.1242098808
0.2173120169,-2.5893860472,-2.4041528702
0.2173120169,-2.5893860472,-2.4041528702
0.2173120169,-2.5893860472,-2.4041528702
0.2173120169,-2.5893860472,-2.4041528702
0.2173120169,-2.5893860472,-2.4041528702
1.7629273989,-3.7027659416,-4.1071887016
1.6245131023,-3.6029858066,-3.9379138947
1.8415052247,-3.5565114040,-4.6464791298
1.7113353574,-3.4090647005,-4.4932241440
1.6187877901,-3.4412417963,-4.3853797913
-0.1686938570,-2.3007815402,-1.7298851013
1.9514782378,-3.9105691237,-4.1825737953
2.2589457355,-3.8436751631,-5.3144826889
1.3794000126,-3.2894855777,-4.0398640633
1.4211783291,-3.3176083152,-4.1110286713
1.3537679852,-3.2749118718,-4.0158586502
1.6045860724,-3.4319410827,-4.3990497589
1.1708080944,-3.1573829402,-3.7473843098
1.9546847701,-3.8678915621,-4.2342500687
1.8072904973,-3.5580906464,-4.6719107628
1.7824958435,-3.4165893460,-4.6567482948
-0.6104211099,-1.8691801519,-1.3975611925
2.8854820722,-4.8599919612,-6.4877796173
2.2897986616,-4.3478747929,-5.5980644226
0.2989033423,-2.6189482682,-2.5021100044
0.3118897978,-2.6295394341,-2.5170321465
-0.0383147728,-2.2927773479,-1.9890708923
-0.0362140052,-2.2929135665,-1.9928898811
-0.0338829473,-2.2930599004,-1.9971166849
-0.0332112109,-2.2931044918,-1.9983403683
-0.0320063168,-2.2931889541,-2.0005450249
-0.0299662407,-2.2933432115,-2.0043051243
-0.0284914382,-2.2934576824,-2.0070297718
-0.3566992314,-2.0842031314,-1.7487580776
-0.3566992314,-2.0842031314,-1.7487580776
-0.3566992314,-2.0842031314,-1.7487580776
-0.3566992314,-2.0842031314,-1.7487580776
-0.3566992314,-2.0842031314,-1.7487580776
-0.3566992314,-2.0842031314,-1.7487580776
-0.3566992314,-2.0842031314,-1.7487580776
-0.3566992314,-2.0842031314,-1.7487580776
-0.3566992314,-2.0842031314,-1.7487580776
-0.3566992314,-2.0842031314,-1.7487580776
-0.3566992314,-2.0842031314,-1.7487580776
-0.3566992314,-2.0842031314,-1.7487580776
-0.0304365152,-2.2933151417,-2.0034556389
-0.3566992314,-2.0842031314,-1.7487580776
-0.3566992314,-2.0842031314,-1.7487580776
-0.3566992314,-2.0842031314,-1.7487580776
-0.3566992314,-2.0842031314,-1.7487580776
-0.3566992314,-2.0842031314,-1.7487580776
-0.0950669373,-2.2294180749,-2.1173348427
-0.3566992314,-2.0842031314,-1.7487580776
0.4289814980,-2.3853153057,-2.7016062737
0.2484778412,-2.3118710504,-2.5116004944
0.2484778412,-2.3118710504,-2.5116004944
0.2484778412,-2.3118710504,-2.5116004944
0.2484778412,-2.3118710504,-2.5116004944
-1.8738300267,-1.9256274446,0.2188905030
0.2090780400,-2.3184652620,-2.4313788414
0.2484778412,-2.3118710504,-2.5116004944
0.2484778412,-2.3118710504,-2.5116004944
0.2484778412,-2.3118710504,-2.5116004944
1.3742316289,-2.5314783847,-4.0413794518
-0.5628887792,-2.2605237135,-0.9508535862
0.8657562855,-2.4511882168,-3.8986949921
1.0655327689,-2.5395329846,-4.0182013512
0.8394519316,-2.4361394317,-3.3008317947
0.8445629956,-2.4369552261,-3.3109507561
1.5269932606,-2.5776347051,-4.3854379654
0.8410122079,-2.4360279954,-3.3029899597
0.8393587028,-2.4361143122,-3.3005058765
0.8393585342,-2.4361148179,-3.3005137444
1.2053651384,-2.5318738064,-4.1182017326
1.4490085254,-2.5683680461,-4.3377952576
0.8393825579,-2.4361235002,-3.3006186485
0.8395109372,-2.4361522443,-3.3009886742
1.4336980083,-2.5665204125,-4.3284430504
1.4417551792,-2.5674776096,-4.3333654404
1.4971548092,-2.5740732964,-4.3672094345
1.2472183920,-2.5443454804,-4.2145199776
1.2472183920,-2.5443454804,-4.2145199776
1.4477672585,-2.6168326650,-4.5510673523
1.5997058888,-2.5980939233,-4.4467968941
1.2472183920,-2.5443454804,-4.2145199776
1.3076853797,-2.5552270380,-4.3880996704
1.2472183920,-2.5443454804,-4.2145199776
1.2472183920,-2.5443454804,-4.2145199776
1.2472183920,-2.5443454804,-4.2145199776
1.6169855487,-2.6379701103,-4.5423712730
2.6252938556,-2.0449222264,-3.5812251568
0.5870476057,-2.8805900875,-4.8861699104
0.5870476057,-2.8805900875,-4.8861699104
0.5870476057,-2.8805900875,-4.8861699104
0.5870476057,-2.8805900875,-4.8861699104
0.5870476057,-2.8805900875,-4.8861699104
2.7593971618,-1.9792198836,-3.4623887539
2.6871685270,-2.0148336966,-3.5263679028
2.6999789562,-2.0085307408,-3.5150194168
2.6489441592,-2.0335012523,-3.5602476597
0.5870476057,-2.8805900875,-4.8861699104
0.5870476057,-2.8805900875,-4.8861699104
0.5870476057,-2.8805900875,-4.8861699104
1.7598949121,-2.3837222602,-4.2797141075
0.5870476057,-2.8805900875,-4.8861699104
0.5870476057,-2.8805900875,-4.8861699104
0.5870476057,-2.8805900875,-4.8861699104
0.5870476057,-2.8805900875,-4.8861699104
0.9574239952,-2.7340819101,-4.7418899536
0.5870476057,-2.8805900875,-4.8861699104
1.8196875503,-2.3480355963,-4.3176317215
-1.0130785714,-3.7114594035,-5.8426260948
2.8748608557,-1.7952372152,-3.7459933758
0.4875134397,-2.8499157798,-4.8723726273
0.9259640701,-2.5662455729,-4.4188981056
1.1892537048,-2.4997807093,-4.2533879280
-1.6345167411,-3.8908275399,-6.1201095581
-1.5960375957,-3.8717017215,-6.0950670242
0.5542946997,-2.8237981364,-4.8287000656
0.5542946997,-2.8237981364,-4.8287000656
0.5941863546,-2.8048868454,-4.8083782196
0.5542946997,-2.8237981364,-4.8287000656
0.5542946997,-2.8237981364,-4.8287000656
0.5914710860,-2.8062281268,-4.8097209930
0.5542946997,-2.8237981364,-4.8287000656
0.5542946997,-2.8237981364,-4.8287000656
0.5542946997,-2.8237981364,-4.8287000656
0.5542946997,-2.8237981364,-4.8287000656
0.8173007281,-2.9308980832,-4.9866399765
1.8208217852,-2.4287461579,-4.3836126328
-0.6779148624,-3.8355773205,-6.0874419212
0.8173007281,-2.9308980832,-4.9866399765
-0.3783123039,-3.6655479985,-5.8901786804
-0.2839240995,-3.6120574100,-5.8280105591
0.0532004496,-3.4205485367,-5.6060929298
0.8173007281,-2.9308980832,-4.9866399765
0.8173007281,-2.9308980832,-4.9866399765
0.8173007281,-2.9308980832,-4.9866399765
0.8173007281,-2.9308980832,-4.9866399765
0.8173007281,-2.9308980832,-4.9866399765
0.8173007281,-2.9308980832,-4.9866399765
0.8173007281,-2.9308980832,-4.9866399765
0.8173007281,-2.9308980832,-4.9866399765
0.8173007281,-2.9308980832,-4.9866399765
0.8173007281,-2.9308980832,-4.9866399765
0.8173007281,-2.9308980832,-4.9866399765
0.8173007281,-2.9308980832,-4.9866399765
0.8173007281,-2.9308980832,-4.9866399765
2.3994924519,-2.1354777650,-3.8205902576
-0.7475863004,-3.8751903005,-6.1332945824
-0.6236631018,-3.8048606973,-6.0517020226
-0.5403188890,-3.7575277634,-5.9968361855
0.8173007281,-2.9308980832,-4.9866399765
-0.3620070369,-3.6563352031,-5.8794317245
-0.2657970771,-3.6017106958,-5.8160920143
-0.2508472527,-3.5932531720,-5.8062410355
-0.1645052189,-3.5441834508,-5.7494106293
0.0028265362,-3.4491611892,-5.6392531395
0.0114408463,-3.4442446750,-5.6335892677
0.0332388592,-3.4318717090,-5.6192374229
0.0429505046,-3.4263663190,-5.6128411293
0.0833039204,-3.4034991249,-5.5862631798
0.0909825705,-3.3990644335,-5.5812282562
0.1014339774,-3.3931186933,-5.5743503571
0.1927120815,-3.3413483706,-5.5142421722
0.8173007281,-2.9308980832,-4.9866399765
0.1377362381,-3.3725793539,-5.5504312515
1.6299398884,-2.5258027636,-4.5678782463
1.6299210066,-2.5258091700,-4.5678920746
1.6042821936,-2.5379006372,-4.5832333565
1.5954445474,-2.5419804100,-4.5901589394
1.2122528607,-2.7539075348,-4.7659711838
1.2233246692,-2.6838271038,-4.7648906708
1.6105956650,-2.5350954694,-4.5783271790
1.6102201788,-2.5352548266,-4.5786151886
1.1865075426,-2.7037858282,-4.8064036369
1.6069260232,-2.5367036245,-4.5811696053
1.6070359844,-2.5366543549,-4.5810842514
1.6067027714,-2.5368038076,-4.5813436508
1.6039365894,-2.5380587722,-4.5835037231
1.6024102413,-2.5387576933,-4.5846977234
1.5989745145,-2.5403423306,-4.5873889923
1.6302554419,-2.5256507400,-4.5676336288
1.6302185212,-2.5256660814,-4.5676636696
1.2137883547,-2.6889804832,-4.7756419182
1.2129278003,-2.6894708197,-4.7766146660
1.1895582158,-2.7021340932,-4.8029642105
1.1886641125,-2.7026239239,-4.8039727211
1.1847834836,-2.7047107829,-4.8083472252
1.1836851367,-2.7053026933,-4.8095855713
1.1562398676,-2.7200806427,-4.8405241966
1.1534517693,-2.7216009639,-4.8436684608
1.6302683809,-2.5256438700,-4.5676240921
0.9584203467,-2.8288961349,-5.0351285934
0.8737195111,-2.8725506605,-5.1587233543
0.8936481426,-2.8630053265,-5.1361532211
0.8930710680,-2.8630648378,-5.1364855766
0.8641207349,-2.8741297343,-5.1641578674
0.8735531996,-2.8725952518,-5.1588029861
0.8743576144,-2.8724729417,-5.1583390236
0.8936244561,-2.8630074338,-5.1361670494
0.8931535915,-2.8630069281,-5.1364617348
0.8931251002,-2.8630354193,-5.1364655495
0.8930041388,-2.8630953522,-5.1365141869
0.8929805366,-2.8630987239,-5.1365275383
0.8929061895,-2.8631056360,-5.1365704536
2.4366905228,-3.0923640296,-4.2796764374
2.4196755872,-3.0841171558,-4.2863554955
1.7513050683,-2.7297647241,-4.6604752541
1.7513345711,-2.7297729849,-4.6604647636
1.7513420311,-2.7297753030,-4.6604609489
2.2019405213,-2.9659323981,-4.3887119293
2.0253464904,-2.8355908246,-4.5108084679
1.7513062484,-2.7297672529,-4.6604657173
1.7513080186,-2.7297678430,-4.6604642868
1.7513609972,-2.7297809507,-4.6604514122
1.7513782774,-2.7298024456,-4.6604361534
2.0518467850,-2.9180896981,-4.4332766533
1.7512658717,-2.7297445779,-4.6604952812
1.7513778980,-2.7298024877,-4.6604356766
0.8026936420,-3.0286524721,-4.4267506599
0.8144253858,-3.0296480649,-4.4265284538
0.3904618916,-3.0017164212,-4.4756188393
0.8804163924,-3.0340921972,-4.4240884781
0.8923592077,-3.0362604840,-4.4250550270
0.9896279806,-3.0442553197,-4.4232654572
1.4820433517,-3.0678542674,-4.4311213493
0.5353735464,-2.9813122889,-4.4115905762
-4.2212256205,-1.4891342218,-5.8631811142
2.8667319508,-3.5757146040,-3.7559800148
2.2149324981,-3.4155304064,-3.9039413929
2.1751194891,-3.4108275768,-3.9266090393
2.1753521397,-3.4106943927,-3.9266657829
2.1756435430,-3.4105287556,-3.9267387390
2.1762385723,-3.4101936882,-3.9268915653
2.1760609654,-3.4102907102,-3.9268422127
2.1768955573,-3.4098313939,-3.9270694256
2.1772115744,-3.4096580017,-3.9271557331
2.1770718997,-3.4097352990,-3.9271183014
2.1781162565,-3.4091700677,-3.9274127483
2.1790551618,-3.4086711754,-3.9276890755
2.3414232405,-3.4480951268,-3.8819005489
2.3414232405,-3.4480951268,-3.8819005489
2.3414232405,-3.4480951268,-3.8819005489
2.3414232405,-3.4480951268,-3.8819005489
2.3414232405,-3.4480951268,-3.8819005489
2.1767253684,-3.4099307761,-3.9270296097
2.1791904954,-3.4086063114,-3.9277369976
2.1805433671,-3.4079075588,-3.9281582832
2.3414232405,-3.4480951268,-3.8819005489
2.3414232405,-3.4480951268,-3.8819005489
2.3414232405,-3.4480951268,-3.8819005489
2.3414232405,-3.4480951268,-3.8819005489
2.3414232405,-3.4480951268,-3.8819005489
2.1807397714,-3.4078160159,-3.9282312393
2.3414232405,-3.4480951268,-3.8819005489
2.3414232405,-3.4480951268,-3.8819005489
0.6780748518,-4.0154784460,-3.5708267689
3.6140737995,-2.7662402084,-4.2223157883
2.1342197237,-3.4409259478,-3.8725869656
1.5199450010,-3.7869599192,-3.7307548523
2.3901617718,-3.3217423310,-3.8742396832
2.6472920449,-3.1832240792,-3.9304583073
1.5199798143,-3.7869588234,-3.7307164669
2.3180207392,-3.3495752247,-3.8619496822
2.3044746578,-3.3564351300,-3.8590795994
2.7763465380,-3.1673638829,-4.0910344124
2.2587453693,-3.3815768631,-3.8512570858
3.2497811812,-2.9765869107,-4.0238990784
2.3044741942,-3.3564355936,-3.8590798378
2.3044627724,-3.3564422950,-3.8590803146
2.3044527415,-3.3564469311,-3.8590788841
2.3044482318,-3.3564487434,-3.8590786457
2.3044462509,-3.3564500500,-3.8590781689
2.6650921342,-3.1581214584,-3.9197514057
2.2548035432,-3.3832083676,-3.8505017757
2.8745751000,-3.1040059375,-3.9803018570
2.9009177444,-3.0741101452,-3.9006946087
3.1340602440,-3.0124365353,-4.0116000175
3.2200710563,-2.9854697489,-4.0208902359
3.2200640599,-2.9854504456,-4.0208816528
3.2200514791,-2.9854515625,-4.0208482742
3.2200515002,-2.9854407518,-4.0208554268
3.2189033884,-2.9858855170,-4.0207877159
3.1381949868,-3.0132616337,-4.0116133690
3.2200702134,-2.9854712662,-4.0208873749
3.2200675687,-2.9854664930,-4.0208821297
3.2200710563,-2.9854306366,-4.0209112167
3.2200670945,-2.9854265062,-4.0209040642
3.2097820201,-2.9894630574,-4.0198464394
3.2097860873,-2.9894610133,-4.0198578835
3.2097865615,-2.9894605391,-4.0198597908
3.1779038087,-3.0010945971,-4.0182423592
3.2098632266,-2.9893973610,-4.0201039314
3.2098661347,-2.9893958016,-4.0201125145
3.2097760142,-2.9894670403,-4.0198283195
4.0503655841,-1.7313849504,-7.5195579529
3.0047296259,-3.3906426081,-5.2208876610
3.0510638270,-3.4360550155,-5.6156754494
3.3896891779,-3.2934873630,-3.4078083038
3.3677381772,-3.2593068536,-3.3453533649
3.3708768794,-3.2645031122,-3.3459365368
3.3700307550,-3.2654497146,-3.3464429379
2.9891600532,-3.6573743548,-3.4349927902
2.9877756135,-3.6468255043,-3.4104132652
2.9818855914,-3.6681271116,-3.2871484756
2.9870059910,-3.7812330054,-3.2299561501
3.0021817646,-3.7870463624,-3.5440187454
3.0025061267,-3.7894733465,-3.5491323471
2.9861274399,-3.7878738736,-3.2457454205
2.9893144160,-3.7963018946,-3.2396278381
2.9896609474,-3.7753182431,-3.5186972618
2.9912576386,-3.7921393876,-3.5541524887
2.9885423279,-3.7891564444,-3.2272067070
3.0035112026,-3.7926134975,-3.4823377132
2.9849273084,-3.7863570507,-3.2216963768
3.0117676859,-3.8681719230,-3.6189980507
2.9988676314,-3.7642995818,-4.4389510155
4.3070855787,-3.6051449896,-4.2499408722
3.0084864695,-3.8155879975,-3.5802183151
3.0095742375,-3.8276014930,-3.5890524387
3.0088117589,-3.8191199877,-3.5828154087
3.0813824786,-4.1991969801,-3.9466502666
3.0692932873,-3.9158954317,-3.4538502693
3.0781402901,-3.9129725899,-3.4401824474
3.0768450753,-3.8965998458,-3.4196140766
3.0739022980,-3.9053184272,-3.4407415390
3.0686613374,-3.9081465650,-3.4490056038
3.0746895169,-3.8899160300,-3.4142718315
3.0689856574,-3.9115783722,-3.4511475563
2.9918724347,-4.0628963479,-3.5107488632
3.1827080542,-2.4064684718,-2.7932600975
3.0367234882,-2.3940173023,-2.6747021675
2.9430428029,-2.4120366395,-2.5524103642
2.8834867140,-1.9264208827,-2.1744761467
2.9430783749,-2.4120182634,-2.5522494316
2.8833745191,-1.9266612041,-2.1747279167
2.9149893337,-2.2018764581,-2.3897161484
2.9095544555,-2.2478272704,-2.4066236019
2.9095154696,-2.2479353770,-2.4068956375
2.9095349204,-2.2478640014,-2.4067041874
2.9125848560,-2.1610463614,-2.3574583530
2.9126012512,-2.1610296291,-2.3574490547
2.9125771432,-2.1610759906,-2.3575365543
2.9125518972,-2.1611443950,-2.3576982021
2.9125599472,-2.1611387051,-2.3577024937
2.9125920210,-2.1610715652,-2.3575649261
2.9125944655,-2.1610347289,-2.3574461937
2.9125836759,-2.1610832820,-2.3575806618
2.9125805571,-2.1610907842,-2.3575973511
2.5853951542,-2.6675958545,-3.1373972893
2.5853951542,-2.6675958545,-3.1373972893
2.5853951542,-2.6675958545,-3.1373972893
2.5853951542,-2.6675958545,-3.1373972893
2.5853951542,-2.6675958545,-3.1373972893
2.5853951542,-2.6675958545,-3.1373972893
2.5853951542,-2.6675958545,-3.1373972893
2.5833701378,-2.6686953262,-3.1394286156
2.5853951542,-2.6675958545,-3.1373972893
2.5853951542,-2.6675958545,-3.1373972893
2.5798739144,-2.6706294188,-3.1430418491
2.5833556498,-2.6687320677,-3.1394410133
2.5853951542,-2.6675958545,-3.1373972893
2.5853951542,-2.6675958545,-3.1373972893
2.5853951542,-2.6675958545,-3.1373972893
2.5853951542,-2.6675958545,-3.1373972893
2.5853951542,-2.6675958545,-3.1373972893
2.5853951542,-2.6675958545,-3.1373972893
2.5853951542,-2.6675958545,-3.1373972893
2.5853951542,-2.6675958545,-3.1373972893
2.5853951542,-2.6675958545,-3.1373972893
2.5853951542,-2.6675958545,-3.1373972893
2.5853951542,-2.6675958545,-3.1373972893
2.5853951542,-2.6675958545,-3.1373972893
2.5853951542,-2.6675958545,-3.1373972893
2.5853951542,-2.6675958545,-3.1373972893
2.5853951542,-2.6675958545,-3.1373972893
2.5853951542,-2.6675958545,-3.1373972893
2.5853951542,-2.6675958545,-3.1373972893
2.5853951542,-2.6675958545,-3.1373972893
2.5853951542,-2.6675958545,-3.1373972893
2.5853951542,-2.6675958545,-3.1373972893
2.5853951542,-2.6675958545,-3.1373972893
2.5853951542,-2.6675958545,-3.1373972893
2.5853951542,-2.6675958545,-3.1373972893
2.5853951542,-2.6675958545,-3.1373972893
2.5853951542,-2.6675958545,-3.1373972893
2.5833441885,-2.6687522956,-3.1394176483
2.5853951542,-2.6675958545,-3.1373972893
2.5853951542,-2.6675958545,-3.1373972893
2.5853951542,-2.6675958545,-3.1373972893
2.5833435694,-2.6687505544,-3.1394064426
2.5853951542,-2.6675958545,-3.1373972893
2.5833160871,-2.6688437859,-3.1394560337
2.5853951542,-2.6675958545,-3.1373972893
2.5853951542,-2.6675958545,-3.1373972893
2.5833303906,-2.6687940789,-3.1394274235
2.5853951542,-2.6675958545,-3.1373972893
2.5853951542,-2.6675958545,-3.1373972893
2.5853951542,-2.6675958545,-3.1373972893
2.5853951542,-2.6675958545,-3.1373972893
2.5853951542,-2.6675958545,-3.1373972893
2.5853951542,-2.6675958545,-3.1373972893
2.5833229728,-2.6688180183,-3.1394262314
2.5853951542,-2.6675958545,-3.1373972893
2.5853951542,-2.6675958545,-3.1373972893
2.5853951542,-2.6675958545,-3.1373972893
2.5853951542,-2.6675958545,-3.1373972893
2.5833203334,-2.6688260526,-3.1394195557
2.5853951542,-2.6675958545,-3.1373972893
2.5853951542,-2.6675958545,-3.1373972893
2.5853951542,-2.6675958545,-3.1373972893
2.5853951542,-2.6675958545,-3.1373972893
2.5853951542,-2.6675958545,-3.1373972893
2.5853951542,-2.6675958545,-3.1373972893
2.7779840432,-2.6055276633,-2.8796360493
2.5853951542,-2.6675958545,-3.1373972893
2.5833308674,-2.6688317029,-3.1395535469
2.5833477710,-2.6687783845,-3.1395137310
2.5833550940,-2.6687531912,-3.1394917965
2.5833544433,-2.6687545162,-3.1394906044
2.5833520225,-2.6687579485,-3.1394855976
2.5833522174,-2.6687570793,-3.1394865513
2.5833507713,-2.6687591998,-3.1394832134
2.5833502866,-2.6687593473,-3.1394817829
2.5853951542,-2.6675958545,-3.1373972893
2.5853951542,-2.6675958545,-3.1373972893
2.5853951542,-2.6675958545,-3.1373972893
2.5853951542,-2.6675958545,-3.1373972893
2.5853951542,-2.6675958545,-3.1373972893
2.5833559237,-2.6687375257,-3.1394565105
2.5833687522,-2.6686983977,-3.1394290924
2.5833586738,-2.6687263463,-3.1394448280
2.5853951542,-2.6675958545,-3.1373972893
2.5853951542,-2.6675958545,-3.1373972893
2.5833577571,-2.6687276002,-3.1394436359
2.5833569932,-2.6687293756,-3.1394426823
2.5853951542,-2.6675958545,-3.1373972893
2.5833620772,-2.6687124905,-3.1394286156
2.5853951542,-2.6675958545,-3.1373972893
2.5833550782,-2.6687326393,-3.1394405365
2.5853951542,-2.6675958545,-3.1373972893
2.5853951542,-2.6675958545,-3.1373972893
2.5853951542,-2.6675958545,-3.1373972893
2.5853951542,-2.6675958545,-3.1373972893
2.5853951542,-2.6675958545,-3.1373972893
2.5853951542,-2.6675958545,-3.1373972893
2.5853951542,-2.6675958545,-3.1373972893
2.5853951542,-2.6675958545,-3.1373972893
2.5853951542,-2.6675958545,-3.1373972893
2.5853951542,-2.6675958545,-3.1373972893
2.5853951542,-2.6675958545,-3.1373972893
2.5853951542,-2.6675958545,-3.1373972893
2.5853951542,-2.6675958545,-3.1373972893
2.5853951542,-2.6675958545,-3.1373972893
2.5853951542,-2.6675958545,-3.1373972893
2.5853951542,-2.6675958545,-3.1373972893
2.5853951542,-2.6675958545,-3.1373972893
2.5853951542,-2.6675958545,-3.1373972893
2.5853951542,-2.6675958545,-3.1373972893
2.5853951542,-2.6675958545,-3.1373972893
2.5853951542,-2.6675958545,-3.1373972893
2.5853951542,-2.6675958545,-3.1373972893
2.5853951542,-2.6675958545,-3.1373972893
2.5833298823,-2.6687959360,-3.1394309998
2.5853951542,-2.6675958545,-3.1373972893
2.5853951542,-2.6675958545,-3.1373972893
2.5853951542,-2.6675958545,-3.1373972893
2.5833322319,-2.6687841454,-3.1394042969
2.5853951542,-2.6675958545,-3.1373972893
2.5853951542,-2.6675958545,-3.1373972893
2.5853951542,-2.6675958545,-3.1373972893
2.5853951542,-2.6675958545,-3.1373972893
2.5833336676,-2.6687752920,-3.1393692493
2.5833304986,-2.6687868902,-3.1393609047
2.7658282440,-2.2651648612,-2.6197574139
2.7775958865,-2.5935779201,-2.8705685139
2.5833133291,-2.6688913881,-3.1396045685
2.5833045704,-2.6689170055,-3.1396183968
2.5832815082,-2.6689886209,-3.1396541595
2.5833311625,-2.6688327566,-3.1395580769
2.5833224170,-2.6688590351,-3.1395735741
2.5833138427,-2.6688827822,-3.1395857334
2.5853951542,-2.6675958545,-3.1373972893
2.5853951542,-2.6675958545,-3.1373972893
2.5833470044,-2.6687791510,-3.1395123005
2.5833218743,-2.6688548573,-3.1395616531
2.5832902405,-2.6689562863,-3.1396234035
2.5833463801,-2.6687794382,-3.1395101547
2.5853951542,-2.6675958545,-3.1373972893
2.5853951542,-2.6675958545,-3.1373972893
2.5833533001,-2.6687559966,-3.1394886971
2.5798181910,-2.6708338362,-3.1432478428
2.5833366863,-2.6688029561,-3.1395142078
2.5833293844,-2.6688250937,-3.1395275593
2.5833443623,-2.6687807816,-3.1395020485
2.5798177696,-2.6708302116,-3.1432323456
2.5833507739,-2.6687591971,-3.1394839287
2.5833295319,-2.6688246090,-3.1395249367
2.5833360884,-2.6688032169,-3.1395118237
2.5853951542,-2.6675958545,-3.1373972893
2.5833225171,-2.6688434250,-3.1395323277
2.5853951542,-2.6675958545,-3.1373972893
2.5833358197,-2.6688024740,-3.1395077705
2.5833496491,-2.6687603219,-3.1394805908
2.5833225777,-2.6688447131,-3.1395354271
2.5853951542,-2.6675958545,-3.1373972893
2.5833354456,-2.6688014994,-3.1395027637
2.5833416965,-2.6687817615,-3.1394875050
2.5833548147,-2.6687423437,-3.1394624710
2.5853951542,-2.6675958545,-3.1373972893
2.5833475787,-2.6687627296,-3.1394746304
2.5833530051,-2.6687444905,-3.1394588947
2.5833689656,-2.6686981843,-3.1394293308
2.5853951542,-2.6675958545,-3.1373972893
2.5853951542,-2.6675958545,-3.1373972893
2.5833002952,-2.6689104911,-3.1395511627
2.5853951542,-2.6675958545,-3.1373972893
2.5833558816,-2.6687311616,-3.1394417286
2.5853951542,-2.6675958545,-3.1373972893
2.5833033218,-2.6688976864,-3.1395313740
2.5853951542,-2.6675958545,-3.1373972893
2.5853951542,-2.6675958545,-3.1373972893
2.5833550439,-2.6687266044,-3.1394238472
2.5853951542,-2.6675958545,-3.1373972893
2.5853951542,-2.6675958545,-3.1373972893
2.5853951542,-2.6675958545,-3.1373972893
2.5853951542,-2.6675958545,-3.1373972893
2.5833287258,-2.6688031616,-3.1394469738
2.5853951542,-2.6675958545,-3.1373972893
2.5853951542,-2.6675958545,-3.1373972893
1.8369769673,-4.5010303713,-5.4308037758
1.9249992274,-4.2634043320,-5.1477279663
2.0119615786,-4.0843676384,-4.9203009605
1.9155709774,-4.3944967095,-5.2816486359
2.0071312968,-4.1659564350,-4.9994416237
1.9010428744,-4.3448746117,-5.2444767952
2.0951291118,-4.2081478749,-4.7195615768
2.6886798076,-2.3917299717,-2.7831144333
2.7487433657,-1.7883527382,-2.2556126118
2.3968807802,-3.1021989335,-3.5957953930
2.5076243221,-3.1616683053,-3.5828871727
2.5399919217,-3.1444985222,-3.6128749847
2.5662953273,-3.1794752856,-3.6356501579
2.4765815666,-3.0521294047,-3.4977657795
2.4752257657,-3.0515036293,-3.4983811378
2.4788843861,-3.0531625925,-3.4967606068
2.4846471669,-3.0558372737,-3.4941253662
2.4928924180,-3.0595334048,-3.4905316830
2.5023351034,-3.1556311486,-3.5726456642
2.5030048168,-3.1555939751,-3.5740962029
2.5411352814,-3.1489246156,-3.6149744987
2.5417472536,-3.1491427677,-3.6146061420
3.3574257653,-3.4522135746,-3.1067938805
3.3574257653,-3.4522135746,-3.1067938805
3.3574257653,-3.4522135746,-3.1067938805
3.3574257653,-3.4522135746,-3.1067938805
3.1654263923,-3.3864205686,-3.2184736729
3.3574257653,-3.4522135746,-3.1067938805
3.3574257653,-3.4522135746,-3.1067938805
3.3574257653,-3.4522135746,-3.1067938805
3.3574257653,-3.4522135746,-3.1067938805
3.3574257653,-3.4522135746,-3.1067938805
3.3574257653,-3.4522135746,-3.1067938805
3.3574257653,-3.4522135746,-3.1067938805
3.3574257653,-3.4522135746,-3.1067938805
3.3574257653,-3.4522135746,-3.1067938805
3.3574257653,-3.4522135746,-3.1067938805
3.3574257653,-3.4522135746,-3.1067938805
3.3574257653,-3.4522135746,-3.1067938805
3.3574257653,-3.4522135746,-3.1067938805
3.3574257653,-3.4522135746,-3.1067938805
3.3574257653,-3.4522135746,-3.1067938805
3.3574257653,-3.4522135746,-3.1067938805
3.1227026799,-3.3655706491,-3.2566905022
3.3574257653,-3.4522135746,-3.1067938805
3.3574257653,-3.4522135746,-3.1067938805
3.1662432509,-3.3886679545,-3.2257874012
3.3574257653,-3.4522135746,-3.1067938805
3.1662650513,-3.3887331451,-3.2259912491
3.3574257653,-3.4522135746,-3.1067938805
3.1663553615,-3.3889793354,-3.2267959118
3.3574257653,-3.4522135746,-3.1067938805
3.3574257653,-3.4522135746,-3.1067938805
3.3574257653,-3.4522135746,-3.1067938805
3.3574257653,-3.4522135746,-3.1067938805
3.1651272023,-3.3855180676,-3.2156651020
3.1651414480,-3.3855726056,-3.2158188820
3.3574257653,-3.4522135746,-3.1067938805
3.3574257653,-3.4522135746,-3.1067938805
3.1652369738,-3.3858574130,-3.2167072296
3.1653199293,-3.3861332114,-3.2175300121
3.3574257653,-3.4522135746,-3.1067938805
3.1653489896,-3.3862127214,-3.2177903652
3.3574257653,-3.4522135746,-3.1067938805
3.3574257653,-3.4522135746,-3.1067938805
3.3574257653,-3.4522135746,-3.1067938805
3.3574257653,-3.4522135746,-3.1067938805
3.3574257653,-3.4522135746,-3.1067938805
3.3574257653,-3.4522135746,-3.1067938805
3.3574257653,-3.4522135746,-3.1067938805
3.3574257653,-3.4522135746,-3.1067938805
3.3574257653,-3.4522135746,-3.1067938805
3.3574257653,-3.4522135746,-3.1067938805
3.3574257653,-3.4522135746,-3.1067938805
3.3574257653,-3.4522135746,-3.1067938805
3.3574257653,-3.4522135746,-3.1067938805
3.3574257653,-3.4522135746,-3.1067938805
3.3574257653,-3.4522135746,-3.1067938805
3.3574257653,-3.4522135746,-3.1067938805
3.3574257653,-3.4522135746,-3.1067938805
3.3574257653,-3.4522135746,-3.1067938805
3.1661490316,-3.3884297194,-3.2249786854
3.1562895772,-3.3817790732,-3.2801959515
3.3574257653,-3.4522135746,-3.1067938805
3.1650393051,-3.3852128191,-3.2147736549
3.3574257653,-3.4522135746,-3.1067938805
3.3574257653,-3.4522135746,-3.1067938805
3.3574257653,-3.4522135746,-3.1067938805
3.1142847741,-3.1609116219,-2.5410656929
3.1370821520,-3.1895414914,-2.6151101589
2.9296769862,-2.8718636853,-1.8218948841
3.1256215704,-3.4115029906,-3.4659264088
3.1132001065,-3.1596084176,-2.5376272202
3.1163347731,-3.1634788944,-2.5477139950
3.1115124124,-3.1575339155,-2.5322117805
2.7395026033,-2.6859839925,-1.3061631918
2.9688550950,-2.9257350284,-1.9237030745
2.7742619944,-2.7471295866,-1.4766062498
2.7413480505,-2.6841483233,-1.3037307262
2.8159902141,-2.8379619720,-1.7128260136
2.8156236280,-2.8376211654,-1.7119644880
2.9029840726,-2.9340442453,-1.9631956816
2.9687658307,-2.9950732508,-2.1163475513
2.9781036902,-3.0018779714,-2.1326904297
3.1429025631,-3.1413658577,-2.3918192387
2.8254339214,-2.8559079842,-1.7633416653
2.8246246071,-2.8544251843,-1.7583389282
2.8433865744,-2.8750856933,-1.8166019917
2.9639232052,-2.9970620288,-2.1217091084
2.9505401056,-2.9729877068,-2.0593895912
2.9743729473,-3.0038931690,-2.1381816864
3.0429138810,-3.0487252347,-2.2462191582
3.0429138810,-3.0487252347,-2.2462191582
3.0429138810,-3.0487252347,-2.2462191582
3.0429138810,-3.0487252347,-2.2462191582
3.0429138810,-3.0487252347,-2.2462191582
3.0429138810,-3.0487252347,-2.2462191582
3.0429138810,-3.0487252347,-2.2462191582
3.0429138810,-3.0487252347,-2.2462191582
3.0429138810,-3.0487252347,-2.2462191582
3.0429138810,-3.0487252347,-2.2462191582
3.0429138810,-3.0487252347,-2.2462191582
3.0429138810,-3.0487252347,-2.2462191582
3.0429138810,-3.0487252347,-2.2462191582
3.0429138810,-3.0487252347,-2.2462191582
3.0429138810,-3.0487252347,-2.2462191582
3.0429138810,-3.0487252347,-2.2462191582
3.0429138810,-3.0487252347,-2.2462191582
3.0429138810,-3.0487252347,-2.2462191582
3.0429138810,-3.0487252347,-2.2462191582
3.0429138810,-3.0487252347,-2.2462191582
3.0429138810,-3.0487252347,-2.2462191582
3.0429138810,-3.0487252347,-2.2462191582
3.0429138810,-3.0487252347,-2.2462191582
3.0429138810,-3.0487252347,-2.2462191582
3.0429138810,-3.0487252347,-2.2462191582
3.0429138810,-3.0487252347,-2.2462191582
3.0429138810,-3.0487252347,-2.2462191582
3.0429138810,-3.0487252347,-2.2462191582
3.0429138810,-3.0487252347,-2.2462191582
3.0429138810,-3.0487252347,-2.2462191582
3.0429138810,-3.0487252347,-2.2462191582
3.1612468916,-3.1631338651,-2.5192065239
3.0429138810,-3.0487252347,-2.2462191582
3.1678179540,-3.1670833304,-2.5288510323
3.2863418409,-3.2675956036,-2.7967989445
3.0429138810,-3.0487252347,-2.2462191582
3.0429138810,-3.0487252347,-2.2462191582
3.1761112517,-3.1721023676,-2.5410070419
3.2919416813,-3.2703516289,-2.8028047085
3.2943250909,-3.2715355286,-2.8053593636
3.0429138810,-3.0487252347,-2.2462191582
3.0429138810,-3.0487252347,-2.2462191582
3.5849398431,-3.4061723625,-3.1089115143
3.0429138810,-3.0487252347,-2.2462191582
3.2542211442,-3.2379047439,-2.7160301208
3.2639525433,-3.2431877381,-2.7281188965
3.1908736512,-3.1810656093,-2.5626311302
0.4229081372,-2.1562630313,0.5350585580
3.5025899588,-3.3887562732,-2.9088037014
3.5044359170,-3.3891134151,-2.9149668217
2.6680517807,-2.9260805403,-1.8375567198
2.7360190530,-2.9630926383,-1.9280157089
2.7434278789,-2.9671349425,-1.9378739595
2.7406850569,-2.9656320597,-1.9342260361
2.5347308043,-2.8534200900,-1.6601355076
2.6089387921,-2.8938791785,-1.7588851452
2.6041148008,-2.8912745349,-1.7524578571
2.6326943680,-2.9068257526,-1.7904988527
2.6360236214,-2.9086525761,-1.7949256897
2.6400825947,-2.9108424632,-1.8003339767
2.6437034726,-2.9128230700,-1.8051505089
2.6485812222,-2.9154970241,-1.8116369247
2.6532446024,-2.9180303026,-1.8178455830
2.6726272004,-2.9285841053,-1.8436427116
2.6792172395,-2.9321794422,-1.8524112701
2.6828118599,-2.9341569723,-1.8571897745
2.7384179252,-2.9644155014,-1.9312036037
3.0472269517,-3.1440250603,-2.3727321625
3.0503588314,-3.1456790396,-2.3767080307
3.5093371687,-3.3910284888,-2.9247949123
0.6729100084,-1.8397817557,0.8178499341
2.2232325191,-2.6838080534,-1.2455532551
2.2445213137,-2.6953998697,-1.2738872766
2.3157557887,-2.7342057586,-1.3686889410
2.3828308122,-2.7707347694,-1.4579590559
2.3975039846,-2.7787156966,-1.4774909019
2.4331239300,-2.7981176190,-1.5248962641
2.4595135786,-2.8124930767,-1.5600172281
2.4871607733,-2.8275247923,-1.5968210697
2.5188052067,-2.8447484497,-1.6389398575
2.5787795820,-2.8774728644,-1.7187403440
2.5939831304,-2.8857761308,-1.7389680147
3.3839495582,-3.3447739018,-2.7467715740
3.3897984923,-3.3470704361,-2.7567474842
3.4518410570,-3.3714235161,-2.8625628948
3.4647317418,-3.3764948067,-2.8845496178
3.4748590657,-3.3804688067,-2.9018223286
1.0409164806,-2.5354368167,0.5295801163
5.6612633578,-4.2646836153,-7.1776928902
5.8289774270,-4.3375053195,-7.4439320564
3.0989321049,-3.2326985840,-2.2606360912
3.3937540439,-3.3486162284,-2.7634928226
3.4010596074,-3.3514832283,-2.7759525776
3.4137772371,-3.3564740184,-2.7976431847
3.4331465484,-3.3640820619,-2.8306784630
3.4366666110,-3.3654591259,-2.8366813660
0.9511199224,-2.4994128938,0.6750386953
3.9934910673,-3.5830853713,-3.7800347805
3.9752995392,-3.5791838586,-3.7719333172
4.0439240705,-3.6043525867,-3.8724493980
4.0439240705,-3.6043525867,-3.8724493980
4.0439240705,-3.6043525867,-3.8724493980
4.0439240705,-3.6043525867,-3.8724493980
3.9871269985,-3.5817753418,-3.7771966457
3.9832782958,-3.5809312458,-3.7754840851
3.9826830980,-3.5808028665,-3.7752187252
3.9794482431,-3.5800961482,-3.7737793922
3.9784528821,-3.5798776800,-3.7733361721
4.0439240705,-3.6043525867,-3.8724493980
4.0439240705,-3.6043525867,-3.8724493980
3.9358573171,-3.5507359370,-3.7244005203
4.0439240705,-3.6043525867,-3.8724493980
4.0439240705,-3.6043525867,-3.8724493980
4.0439240705,-3.6043525867,-3.8724493980
3.9907394892,-3.5825447747,-3.7788059711
3.9824413016,-3.5807540183,-3.7751111984
4.9976278898,-3.7989993351,-4.2278065681
4.9646707823,-3.7961174600,-4.2122311592
4.5673070914,-3.7215760380,-4.0698237419
4.4247829291,-3.6673492705,-3.9562335014
5.0781879661,-3.8007827368,-4.2663602829
5.1009231563,-3.8034415286,-4.2772269249
5.0095414552,-3.7987816887,-4.2335028648
4.9646707823,-3.7961174600,-4.2122311592
4.9646707823,-3.7961174600,-4.2122311592
4.3286294882,-3.6294008803,-3.9135406017
4.7757984051,-3.6230367483,-4.1469626427
4.7159729345,-3.6061077501,-4.1258306503
4.6384278330,-3.5956185375,-4.0886721611
4.6335550673,-3.5952677914,-4.0861639977
5.1355138335,-3.7012432603,-4.3199877739
5.1144531376,-3.7583917738,-4.2888221741
5.1063032015,-3.7572141065,-4.2846436501
1.1396782635,-2.1988181141,-2.0626587868
5.0225336005,-3.6878409418,-4.2592549324
5.0114589682,-3.6865372133,-4.2533240318
5.0040685604,-3.6856756053,-4.2493863106
4.9744869519,-3.6821756467,-4.2335047722
4.9478866428,-3.6790357908,-4.2192416191
4.9188953851,-3.6756380383,-4.2037539482
4.8881326533,-3.6720534488,-4.1873674393
4.8666898962,-3.6695345424,-4.1758990288
4.8598902608,-3.6687403272,-4.1722736359
3.1195010472,-3.4429756861,-3.2216436863
3.0124859525,-3.3910411908,-3.1789886951
3.1773491457,-3.4404269502,-3.2645897865
3.2507467233,-3.4787967457,-3.3084998131
3.2367102633,-3.4768726999,-3.3010940552
3.2464717052,-3.4785738521,-3.3061790466
3.2368002258,-3.4769432327,-3.3011124134
2.5911086521,-3.1566297128,-2.8422951698
3.2367295244,-3.4768871563,-3.3010978699
3.2367436015,-3.4768980302,-3.3011004925
3.3362546500,-3.5145807056,-3.3176262379
3.3141726306,-3.5173702580,-3.2771754265
3.0510656814,-3.4069259798,-3.2127408981
3.3341125680,-3.5141845357,-3.3176074028
3.9860888426,-3.8884503049,-3.3173451424
4.0714494502,-3.9442297148,-3.3387179375
3.9857577791,-3.8882034508,-3.3173427582
3.3040221521,-3.5021382183,-3.3031504154
3.2366153065,-3.4766439690,-3.2743945122
3.2366153065,-3.4766439690,-3.2743945122
3.2366153065,-3.4766439690,-3.2743945122
3.3059962789,-3.5032849814,-3.3050136566
3.2366153065,-3.4766439690,-3.2743945122
3.2366153065,-3.4766439690,-3.2743945122
3.2366153065,-3.4766439690,-3.2743945122
3.2366153065,-3.4766439690,-3.2743945122
3.2366153065,-3.4766439690,-3.2743945122
3.2366153065,-3.4766439690,-3.2743945122
3.2366153065,-3.4766439690,-3.2743945122
3.2366153065,-3.4766439690,-3.2743945122
3.3056939174,-3.5032360067,-3.3050236702
3.3067242920,-3.5034349715,-3.3049802780
3.3083664596,-3.5038050630,-3.3048954010
3.3087264253,-3.5038908423,-3.3048753738
3.3093389982,-3.5040409589,-3.3048405647
3.2366153065,-3.4766439690,-3.2743945122
3.2366153065,-3.4766439690,-3.2743945122
3.2366153065,-3.4766439690,-3.2743945122
3.2366153065,-3.4766439690,-3.2743945122
3.2366153065,-3.4766439690,-3.2743945122
3.2366153065,-3.4766439690,-3.2743945122
3.2366153065,-3.4766439690,-3.2743945122
3.2366153065,-3.4766439690,-3.2743945122
3.2366153065,-3.4766439690,-3.2743945122
3.2366153065,-3.4766439690,-3.2743945122
3.2366153065,-3.4766439690,-3.2743945122
3.2366153065,-3.4766439690,-3.2743945122
3.2366153065,-3.4766439690,-3.2743945122
3.2366153065,-3.4766439690,-3.2743945122
3.2366153065,-3.4766439690,-3.2743945122
3.2366153065,-3.4766439690,-3.2743945122
3.2366153065,-3.4766439690,-3.2743945122
3.2366153065,-3.4766439690,-3.2743945122
3.2366153065,-3.4766439690,-3.2743945122
3.2366153065,-3.4766439690,-3.2743945122
3.2366153065,-3.4766439690,-3.2743945122
3.2366153065,-3.4766439690,-3.2743945122
3.2366153065,-3.4766439690,-3.2743945122
3.1953363459,-3.4554666949,-3.2725207806
3.3382653813,-3.5259497442,-3.3913159370
2.6739993438,-3.3967700012,-3.3854045868
2.7064481603,-3.4323556391,-3.3895916939
2.8747330875,-3.5033737742,-3.4190831184
1.5791910788,-3.1536683699,-3.4012949467
6.1897312694,-4.1143295802,-2.9640195370
3.4447419564,-3.4837332888,-3.4464809895
2.8538874248,-3.4808938254,-3.3537909985
5.1385987721,-3.8390744552,-3.1206929684
2.8541713260,-3.4808810127,-3.3538224697
3.2393350110,-3.4748434029,-3.4151191711
3.2393350110,-3.4748434029,-3.4151191711
2.7750799409,-3.4340167096,-3.3906576633
3.1223780754,-3.4503858607,-3.4360673428
3.1420351548,-3.4538818996,-3.4707362652
3.1226669499,-3.4504031409,-3.4360501766
3.2393350110,-3.4748434029,-3.4151191711
3.2393350110,-3.4748434029,-3.4151191711
3.2393350110,-3.4748434029,-3.4151191711
2.2566352874,-3.2962919144,-3.4643225670
2.7813371885,-3.3099917264,-3.3955752850
2.7764126875,-3.3098410725,-3.3966317177
2.2566352874,-3.2962919144,-3.4643225670
2.2566352874,-3.2962919144,-3.4643225670
2.6989300898,-3.5033333765,-3.3505413532
2.7777273741,-3.3098143935,-3.3972985744
2.2566352874,-3.2962919144,-3.4643225670
2.2566352874,-3.2962919144,-3.4643225670
2.7652192221,-3.3807434724,-3.4218676090
3.2170229014,-3.3291763818,-3.1876027584
2.3383673411,-3.3818703738,-3.5198402405
3.2170229014,-3.3291763818,-3.1876027584
3.2170229014,-3.3291763818,-3.1876027584
3.2625279397,-3.3017331226,-3.1538310051
3.2170229014,-3.3291763818,-3.1876027584
3.2204786848,-3.3277517393,-3.1853470802
3.2213310732,-3.3275575161,-3.1848731041
3.2170229014,-3.3291763818,-3.1876027584
3.2170229014,-3.3291763818,-3.1876027584
3.2170229014,-3.3291763818,-3.1876027584
3.2170229014,-3.3291763818,-3.1876027584
3.3362425499,-3.3119433402,-3.1568386555
3.2170229014,-3.3291763818,-3.1876027584
3.2170229014,-3.3291763818,-3.1876027584
3.2170229014,-3.3291763818,-3.1876027584
3.6288559215,-3.2238918894,-2.9560151100
3.2152202122,-3.3289418609,-3.1883528233
4.0157890682,-3.1448519235,-2.7406735420
4.0164335778,-3.1446740638,-2.7404413223
4.5801746506,-3.0181219134,-2.4128093719
4.9044869792,-2.9255214940,-2.4198327065
4.0752517387,-3.1290372037,-2.7149634361
4.0752517387,-3.1290372037,-2.7149634361
4.0752517387,-3.1290372037,-2.7149634361
4.0752517387,-3.1290372037,-2.7149634361
4.0752517387,-3.1290372037,-2.7149634361
4.0206514658,-3.1434907489,-2.7389202118
4.0752517387,-3.1290372037,-2.7149634361
4.0752517387,-3.1290372037,-2.7149634361
1.5337355341,-4.0240972236,-3.0846085548
5.1102721702,-2.8344667681,-2.3589529991
1.3758134001,-4.1098073076,-3.0670495033
1.1621067932,-4.1887154803,-3.0942778587
3.5894462421,-3.4331263943,-2.6248450279
4.0565098360,-3.2092447216,-2.5023550987
3.9570281428,-3.2579384508,-2.5099787712
4.0538609065,-3.2105240470,-2.5030581951
4.0321356813,-3.2185761603,-2.5117974281
3.9731827348,-3.2482818913,-2.5272226334
3.3451699834,-3.5461371363,-2.6969130039
4.0319407100,-3.2186854892,-2.5118565559
3.9567505215,-3.2580906431,-2.5100593567
3.5528118590,-3.3523201014,-2.5910308361
3.6054597423,-3.2232953851,-2.4921786785
3.2331091101,-3.6083480658,-2.7096641064
3.2270362129,-3.6191191566,-2.7359766960
3.1809525959,-3.6469461075,-2.7341477871
3.1865008281,-3.6436090676,-2.7334051132
3.1871511118,-3.6434180159,-2.7332730293
3.1809525959,-3.6469461075,-2.7341477871
3.1809525959,-3.6469461075,-2.7341477871
3.1809525959,-3.6469461075,-2.7341477871
3.1809525959,-3.6469461075,-2.7341477871
2.2941142460,-4.0187263664,-3.0085508823
2.2941142460,-4.0187263664,-3.0085508823
2.2941142460,-4.0187263664,-3.0085508823
3.0018145601,-3.5642180184,-2.5764002800
2.2941142460,-4.0187263664,-3.0085508823
2.2941142460,-4.0187263664,-3.0085508823
2.2941142460,-4.0187263664,-3.0085508823
2.2941142460,-4.0187263664,-3.0085508823
2.2941142460,-4.0187263664,-3.0085508823
2.2941142460,-4.0187263664,-3.0085508823
2.2941142460,-4.0187263664,-3.0085508823
1.6567460005,-4.2323670556,-3.4196407795
1.9931458767,-4.1157275911,-3.2008745670
2.2941142460,-4.0187263664,-3.0085508823
3.0400506658,-3.8064890829,-2.7066552639
2.2941142460,-4.0187263664,-3.0085508823
1.4815325319,-4.3275412988,-3.5028629303
2.4305511389,-3.7249421382,-2.9723608494
1.4815325319,-4.3275412988,-3.5028629303
2.3406928356,-3.7580019997,-2.9984271526
1.4815325319,-4.3275412988,-3.5028629303
1.4815325319,-4.3275412988,-3.5028629303
1.4815325319,-4.3275412988,-3.5028629303
1.4815325319,-4.3275412988,-3.5028629303
1.4815325319,-4.3275412988,-3.5028629303
1.4815325319,-4.3275412988,-3.5028629303
1.4815325319,-4.3275412988,-3.5028629303
1.4815325319,-4.3275412988,-3.5028629303
1.4815325319,-4.3275412988,-3.5028629303
4.8174962211,-2.3597014015,-1.4270161390
1.4815325319,-4.3275412988,-3.5028629303
1.4815325319,-4.3275412988,-3.5028629303
1.4815325319,-4.3275412988,-3.5028629303
0.2057580484,-4.9648041771,-4.2776532173
1.4815325319,-4.3275412988,-3.5028629303
1.4815325319,-4.3275412988,-3.5028629303
0.9510937071,-4.5437885177,-3.8170266151
1.4815325319,-4.3275412988,-3.5028629303
2.1187807431,-3.8763967119,-3.1156959534
2.2135033406,-3.8306676341,-3.0366704464
2.2135033406,-3.8306676341,-3.0366704464
2.2135033406,-3.8306676341,-3.0366704464
2.2135033406,-3.8306676341,-3.0366704464
1.2436754436,-4.6117477821,-3.8543732166
2.2135033406,-3.8306676341,-3.0366704464
2.2135033406,-3.8306676341,-3.0366704464
1.1797110261,-4.9656305925,-3.9426412582
2.2135033406,-3.8306676341,-3.0366704464
1.6397341838,-4.3479391090,-3.5142791271
1.8672233159,-4.1088896021,-3.2611720562
1.7650249633,-4.2477860587,-3.4189376831
1.6597925433,-4.3322215377,-3.4992277622
1.6579140583,-4.3340710257,-3.5004899502
2.0743359641,-3.9417186794,-3.1593863964
1.6568522106,-4.3351173634,-3.5012052059
1.6539464383,-4.3379766056,-3.5031554699
1.6501875295,-4.3416491977,-3.5056490898
1.2919357768,-4.9095575823,-3.2138710022
2.1804115739,-3.8282468034,-3.1313273907
2.1661088722,-3.8435306837,-3.1339073181
2.1483526578,-3.8626929169,-3.1352038383
2.2433910195,-3.7612448625,-3.1127493382
2.2133051661,-3.7932424970,-3.1304891109
2.2128867322,-3.7937593860,-3.1305186749
2.2127647592,-3.7939110303,-3.1305274963
2.1845710464,-3.8237521792,-3.1310133934
2.1674939020,-3.8421706049,-3.1323013306
2.3970268612,-3.5953493455,-3.0943202972
2.2174241776,-3.7883709114,-3.1285364628
2.2016583903,-3.8020617251,-3.1399569511
2.2016814024,-3.8020171337,-3.1399533749
2.1930411299,-3.8145989795,-3.1303737164
1.9864725976,-3.8555985065,-3.0713815689
1.9052139794,-3.9217962012,-3.1101436615
1.5496259918,-4.5087528540,-3.1789157391
1.5496259918,-4.5087528540,-3.1789157391
1.6835388364,-4.3636471552,-3.1708955765
1.8789792521,-3.9655828993,-3.1251919270
1.5496259918,-4.5087528540,-3.1789157391
1.5496259918,-4.5087528540,-3.1789157391
1.9287851945,-3.9248031260,-3.1013221741
1.8807060085,-3.9534745312,-3.1239962578
2.1265009499,-3.7110102024,-3.0033507347
2.8796040831,-2.9835074021,-2.6656925678
2.7137588684,-3.1511740351,-2.7356457710
2.1265009499,-3.7110102024,-3.0033507347
2.6521530306,-3.2128857457,-2.7617809772
2.6327879235,-3.2324470885,-2.7699890137
2.1265009499,-3.7110102024,-3.0033507347
2.1265009499,-3.7110102024,-3.0033507347
3.0887638669,-2.7739720056,-2.5763618946
3.0537587597,-2.8091322132,-2.5912990570
3.0095862441,-2.8534422961,-2.6101014614
2.1265009499,-3.7110102024,-3.0033507347
2.9139755216,-2.9493976113,-2.6508362293
2.1265009499,-3.7110102024,-3.0033507347
2.1265009499,-3.7110102024,-3.0033507347
2.1265009499,-3.7110102024,-3.0033507347
2.1265009499,-3.7110102024,-3.0033507347
2.5984406865,-3.2669871895,-2.7843565941
2.1265009499,-3.7110102024,-3.0033507347
2.1265009499,-3.7110102024,-3.0033507347
3.9150518626,-1.9447674480,-2.2243752480
3.7458121196,-2.1146161287,-2.2964775562
2.1265009499,-3.7110102024,-3.0033507347
2.1265009499,-3.7110102024,-3.0033507347
2.1265009499,-3.7110102024,-3.0033507347
2.1265009499,-3.7110102024,-3.0033507347
2.1265009499,-3.7110102024,-3.0033507347
1.1998240079,-4.3225086279,-3.6323702335
-0.2230008299,-5.3847698741,-4.5553631783
2.3485129305,-3.6021790316,-2.8827636242
4.7743466147,-1.0605622225,-1.8737124205
2.8119177511,-3.0517271446,-2.6942398548
2.8119177511,-3.0517271446,-2.6942398548
2.8119177511,-3.0517271446,-2.6942398548
2.8119177511,-3.0517271446,-2.6942398548
2.8119177511,-3.0517271446,-2.6942398548
2.8119177511,-3.0517271446,-2.6942398548
2.1550842682,-3.7367652986,-3.0093472004
2.1550842682,-3.7367652986,-3.0093472004
2.1550842682,-3.7367652986,-3.0093472004
2.1846464049,-3.7214036152,-2.9909129143
2.0302189190,-3.8008656818,-3.0805723667
2.0350777763,-3.7985733990,-3.0768375397
2.0374394328,-3.7974586149,-3.0750350952
2.1550842682,-3.7367652986,-3.0093472004
2.1550842682,-3.7367652986,-3.0093472004
2.1550842682,-3.7367652986,-3.0093472004
2.0223601333,-3.8045623819,-3.0867843628
2.1550842682,-3.7367652986,-3.0093472004
2.0286443127,-3.8016074663,-3.0818269253
2.0359176787,-3.7981772186,-3.0762128830
2.0425945824,-3.7950264888,-3.0711545944
2.0468364941,-3.7930254408,-3.0679719448
2.1550842682,-3.7367652986,-3.0093472004
