-0.0064878021,0.0492622703,0.2338064611
-0.0065695453,0.0491929054,0.2341049910
-0.0064290250,0.0493309535,0.2335349023
-0.1414230764,0.1568682641,0.6397944689
0.2010562569,0.3540304899,-0.9133667350
0.2010562569,0.3540304899,-0.9133667350
0.1528241634,0.3631175756,-0.6472399235
0.3923579156,0.6154915094,-1.9395278692
0.2010562569,0.3540304899,-0.9133667350
0.2010562569,0.3540304899,-0.9133667350
0.2010562569,0.3540304899,-0.9133667350
0.2010562569,0.3540304899,-0.9133667350
1.5862863064,0.9271586537,-10.5649948120
1.7515995502,0.9633085132,-11.7051048279
0.2010562569,0.3540304899,-0.9133667350
0.0485078618,0.5900248885,0.0582102612
0.0516749658,0.5915414691,0.0394453891
0.0486405157,0.5900945067,0.0577720739
0.0549285524,0.5927589536,0.0226762518
0.0487456433,0.5901589990,0.0574136600
0.0668051243,0.5540215373,-0.1016441360
0.0486913323,0.5901253819,0.0575993694
0.0487258360,0.5901471376,0.0574809276
0.0982955843,0.4551325738,-0.4115992188
0.0519089103,0.5916090608,0.0387404896
0.0519217178,0.5916010737,0.0387179330
0.0505484901,0.5910575986,0.0460795052
0.0514053963,0.5913528204,0.0403897464
0.0513829589,0.5913341641,0.0404748395
0.0513424538,0.5913003087,0.0406300724
0.0853145272,0.5893309712,-0.1306866705
0.3456887901,0.7240549922,-0.8997148275
0.3456887901,0.7240549922,-0.8997148275
0.3456887901,0.7240549922,-0.8997148275
0.3456887901,0.7240549922,-0.8997148275
0.3456887901,0.7240549922,-0.8997148275
0.3456887901,0.7240549922,-0.8997148275
0.3456887901,0.7240549922,-0.8997148275
0.1133250743,0.6131889224,-0.1892396957
0.3456887901,0.7240549922,-0.8997148275
-0.0455710292,0.5274107456,0.2725777030
0.9184180498,1.0306507349,-2.5609607697
0.2600160837,0.6207736731,-0.8424884677
0.5180672407,0.7798542976,-1.5162314177
0.8480128050,0.9863052368,-2.3792173862
0.5415756106,0.7949061394,-1.5759341717
0.9081870914,1.1712454557,-2.3935441971
-0.0525199808,0.1341347992,-0.0753645748
0.0640257001,0.3043338954,-0.3943267167
0.3978314400,0.7225859761,-1.3364104033
0.0867063925,0.3353072107,-0.4238735735
0.0878428593,0.3363111019,-0.4273895025
-0.0130045572,0.3094955683,-0.3812553585
0.5997285247,0.7632808685,-1.9286650419
-0.0138096726,0.3089155555,-0.3792538047
0.0612787418,0.2992519438,-0.3893912733
0.5292164087,0.7517827749,-1.7183445692
0.5293142200,0.7515334487,-1.7184312344
0.5296131372,0.7507456541,-1.7187068462
0.5295765996,0.7508388758,-1.7186745405
0.5296923518,0.7505182624,-1.7187876701
0.5300652981,0.7494324446,-1.7191736698
0.5303380489,0.7485600114,-1.7194880247
0.5304872990,0.7480618954,-1.7196685076
0.5305236578,0.7479189038,-1.7197213173
0.6042460203,0.7616446614,-1.9508507252
0.5777705312,0.7500004768,-1.8818764687
0.5777712464,0.7499945164,-1.8818804026
0.5777744651,0.7499582171,-1.8819040060
0.5777756572,0.7499392033,-1.8819166422
0.5777798295,0.7498846054,-1.8819526434
0.5777804255,0.7498804331,-1.8819553852
0.6042026281,0.7618390918,-1.9507136345
0.5777683854,0.7501109242,-1.8818033934
0.5777701735,0.7500039339,-1.8818742037
0.5777707696,0.7499973178,-1.8818786144
0.5777723193,0.7499814034,-1.8818888664
0.6352163553,0.7784445286,-2.0075581074
0.5777742267,0.7499620318,-1.8819013834
0.5777745247,0.7499533892,-1.8819072247
0.5777846575,0.7498491406,-1.8819755316
0.5777853727,0.7498445511,-1.8819785118
0.5777860880,0.7498405576,-1.8819808960
0.5777866840,0.7498357296,-1.8819842339
0.5777943730,0.7497922182,-1.8820116520
0.5777952671,0.7497867942,-1.8820151091
0.6041592956,0.7620329261,-1.9505769014
0.5777639747,0.7501543760,-1.8817760944
0.5777714252,0.7500797510,-1.8818231821
0.5777707100,0.7500886917,-1.8818174601
0.5777897835,0.7498199940,-1.8819940090
0.5777906179,0.7498168349,-1.8819960356
0.5777920485,0.7498071194,-1.8820019960
0.5777931213,0.7497973442,-1.8820085526
0.3651410341,1.3395010233,-1.5912704468
0.3649375737,1.3405548334,-1.5908241272
0.4797329903,0.8655596972,-1.7538770437
0.3647747934,1.3414545059,-1.5904299021
0.3644827306,1.3430510759,-1.5897341967
0.3643400073,1.3438525200,-1.5893801451
0.4796948731,0.8655542731,-1.7538095713
0.6486057639,0.0853512511,-2.2097597122
0.6249077916,0.1792333871,-2.1559739113
0.4804610014,0.7507604361,-1.8355394602
0.4888153672,0.6815680861,-1.8797929287
0.5351712108,0.5312381983,-1.9555526972
0.5341806412,0.5352967381,-1.9531817436
0.4913860559,0.6715135574,-1.8855172396
0.8166359663,-0.6925002337,-2.6813013554
0.8168771267,-0.6886929274,-2.6776413918
0.6979660392,-0.1415703893,-2.3469610214
0.6979660392,-0.1415703893,-2.3469610214
0.6979660392,-0.1415703893,-2.3469610214
0.8953259587,-1.2571942806,-3.0950939655
0.8659321666,-0.9709588289,-2.8657658100
0.8640300035,-0.9574422240,-2.8559718132
0.6979660392,-0.1415703893,-2.3469610214
0.6979660392,-0.1415703893,-2.3469610214
0.6979660392,-0.1415703893,-2.3469610214
0.8584901690,-1.2499986887,-3.1457946301
0.8667727113,-0.9769352674,-2.8700954914
0.8667727113,-0.9769352674,-2.8700954914
0.8667727113,-0.9769352674,-2.8700954914
0.8667727113,-0.9769352674,-2.8700954914
0.8667727113,-0.9769352674,-2.8700954914
0.8667727113,-0.9769352674,-2.8700954914
0.8667727113,-0.9769352674,-2.8700954914
0.8667727113,-0.9769352674,-2.8700954914
0.8667727113,-0.9769352674,-2.8700954914
0.8667727113,-0.9769352674,-2.8700954914
0.8667727113,-0.9769352674,-2.8700954914
0.8667727113,-0.9769352674,-2.8700954914
0.8667727113,-0.9769352674,-2.8700954914
0.8667727113,-0.9769352674,-2.8700954914
0.8667727113,-0.9769352674,-2.8700954914
0.8667727113,-0.9769352674,-2.8700954914
0.8667727113,-0.9769352674,-2.8700954914
0.8667727113,-0.9769352674,-2.8700954914
0.8667727113,-0.9769352674,-2.8700954914
0.8667727113,-0.9769352674,-2.8700954914
0.8667727113,-0.9769352674,-2.8700954914
0.8667727113,-0.9769352674,-2.8700954914
0.8667727113,-0.9769352674,-2.8700954914
0.8667727113,-0.9769352674,-2.8700954914
0.8667727113,-0.9769352674,-2.8700954914
0.8667727113,-0.9769352674,-2.8700954914
0.8667727113,-0.9769352674,-2.8700954914
0.8667727113,-0.9769352674,-2.8700954914
0.8667727113,-0.9769352674,-2.8700954914
0.8667727113,-0.9769352674,-2.8700954914
0.8667727113,-0.9769352674,-2.8700954914
0.8667727113,-0.9769352674,-2.8700954914
0.8667727113,-0.9769352674,-2.8700954914
0.8667727113,-0.9769352674,-2.8700954914
0.8667727113,-0.9769352674,-2.8700954914
0.8667727113,-0.9769352674,-2.8700954914
0.8667727113,-0.9769352674,-2.8700954914
0.8667727113,-0.9769352674,-2.8700954914
0.8667727113,-0.9769352674,-2.8700954914
0.8593224287,-0.9281719923,-2.8359694481
0.8667727113,-0.9769352674,-2.8700954914
1.2050415277,-3.0367295742,-3.9177701473
0.6006757021,0.3669246435,-1.7239432335
0.9509769678,-1.8470183611,-3.3557550907
0.9509769678,-1.8470183611,-3.3557550907
0.9509769678,-1.8470183611,-3.3557550907
0.9509769678,-1.8470183611,-3.3557550907
0.9509769678,-1.8470183611,-3.3557550907
0.9509769678,-1.8470183611,-3.3557550907
0.9525687099,-1.8255610466,-3.3459680080
0.9509769678,-1.8470183611,-3.3557550907
0.9509769678,-1.8470183611,-3.3557550907
0.9509769678,-1.8470183611,-3.3557550907
0.9509769678,-1.8470183611,-3.3557550907
0.9509769678,-1.8470183611,-3.3557550907
0.9509769678,-1.8470183611,-3.3557550907
0.9509769678,-1.8470183611,-3.3557550907
0.9509769678,-1.8470183611,-3.3557550907
0.9509769678,-1.8470183611,-3.3557550907
0.9509769678,-1.8470183611,-3.3557550907
0.9509769678,-1.8470183611,-3.3557550907
0.9509769678,-1.8470183611,-3.3557550907
0.9509769678,-1.8470183611,-3.3557550907
0.8185042739,-1.2695492506,-3.1287856102
0.9509769678,-1.8470183611,-3.3557550907
0.9509769678,-1.8470183611,-3.3557550907
0.9509769678,-1.8470183611,-3.3557550907
0.9484872222,-1.8316733837,-3.3501152992
0.9330119491,-1.9126139879,-3.1845595837
0.8606143594,-1.6172114611,-2.8605656624
0.9426444769,-1.9840608835,-3.2378728390
0.9390352368,-1.9771811962,-3.2257063389
0.9580165148,-2.1545178890,-3.4246182442
0.8261927366,-1.4349685907,-2.7471547127
0.8489564061,-1.5640239716,-2.8068723679
0.9087326527,-1.8295763731,-3.0871493816
0.9191560149,-1.8802386522,-3.1347055435
0.9312978387,-1.9391748905,-3.1900279522
0.9440556169,-2.0017080307,-3.2487299442
0.9440556169,-2.0017080307,-3.2487299442
0.9440556169,-2.0017080307,-3.2487299442
0.9440556169,-2.0017080307,-3.2487299442
0.9282101393,-2.2514288425,-3.5754547119
0.9440556169,-2.0017080307,-3.2487299442
0.9394934177,-2.2284979820,-3.5540432930
0.9357500076,-2.2214426994,-3.5556035042
0.9440556169,-2.0017080307,-3.2487299442
0.9440556169,-2.0017080307,-3.2487299442
0.9440556169,-2.0017080307,-3.2487299442
0.9440556169,-2.0017080307,-3.2487299442
0.8939045668,-1.8864449263,-3.1185572147
0.9440556169,-2.0017080307,-3.2487299442
0.9440556169,-2.0017080307,-3.2487299442
0.9440556169,-2.0017080307,-3.2487299442
0.9081785083,-1.9278489351,-3.1610248089
0.9440556169,-2.0017080307,-3.2487299442
0.9581516981,-1.6101998091,-2.8365719318
0.9757917523,-1.5560898781,-2.7860102654
1.0607697964,-1.2975755930,-2.5448584557
1.0916440487,-1.2005299330,-2.4539542198
1.0998781919,-1.1752780676,-2.4303529263
0.8104963899,-2.0620460510,-3.2484400272
0.8858674169,-0.6696550846,-1.7929750681
0.8379111886,-1.8395080566,-3.0330028534
0.8263576627,-2.0147068501,-3.2143177986
0.7548710108,-2.6951601505,-3.8861639500
0.8263576627,-2.0147068501,-3.2143177986
0.8263576627,-2.0147068501,-3.2143177986
0.8263576627,-2.0147068501,-3.2143177986
0.8263576627,-2.0147068501,-3.2143177986
0.8263576627,-2.0147068501,-3.2143177986
0.8263576627,-2.0147068501,-3.2143177986
0.8263576627,-2.0147068501,-3.2143177986
0.8263576627,-2.0147068501,-3.2143177986
-0.6741736531,-6.2911539078,-7.1830601692
0.7392762899,-2.7277939320,-3.9094226360
0.7392844558,-2.7277727127,-3.9094073772
0.7392925024,-2.7277517319,-3.9093928337
0.7392942905,-2.7277472019,-3.9093894958
0.7392987609,-2.7277352810,-3.9093811512
0.9330324531,-2.1950738430,-3.4186673164
0.9503580332,-2.1787023544,-3.4051127434
0.4534715414,-3.5082888603,-4.4351325035
0.7383803725,-2.7302675247,-3.9110841751
0.7386994958,-2.7293903828,-3.9104924202
0.7391458750,-2.7281920910,-3.9097096920
0.5208517909,-3.2801642418,-4.2632932663
0.7391506433,-2.7281811237,-3.9097015858
0.6659461856,-2.8757057190,-4.0167632103
0.7392705083,-2.7278091908,-3.9094331264
0.7392871976,-2.7277655602,-3.9094023705
0.7392924428,-2.7277522087,-3.9093930721
0.7391397357,-2.7282066345,-3.9097201824
1.9073588848,-1.6001415253,-2.0028777122
1.4096776247,-1.4441797733,-2.4120268822
1.5394273996,-1.4276970625,-2.5080168247
1.6079479456,-1.3001233339,-2.3866930008
1.2758164406,-1.3103358746,-2.7336249352
2.5489006042,-0.1499668956,-1.0416305065
1.7912555933,-1.2262805700,-2.1843035221
1.4477285147,-0.8637058735,-2.3734753132
1.6343929768,-1.0216060877,-2.5238316059
1.2107139826,-1.4703385830,-2.8700735569
1.1876937151,-1.5271360874,-2.9175798893
1.2572029829,-1.3305591345,-2.7696087360
1.1402869225,-1.4640117884,-2.9197130203
1.7802267075,-1.2409538031,-2.1603922844
1.7421895266,-1.1955392361,-2.1979556084
1.3232221603,-1.1738077402,-2.6308763027
0.6689260006,-2.8063697815,-3.9875695705
1.7839611769,-0.6723031402,-2.3178305626
0.1687361002,-3.4683673382,-4.7751078606
0.1698138565,-3.4692754745,-4.7744903564
0.1709860712,-3.4702584743,-4.7738223076
0.1713190228,-3.4705402851,-4.7736301422
0.1719108969,-3.4710435867,-4.7732858658
0.1728973687,-3.4718925953,-4.7727022171
0.1735990494,-3.4724988937,-4.7722845078
0.2779991031,-3.3366951942,-4.5679569244
0.2779991031,-3.3366951942,-4.5679569244
0.2779991031,-3.3366951942,-4.5679569244
0.2779991031,-3.3366951942,-4.5679569244
0.2779991031,-3.3366951942,-4.5679569244
0.2779991031,-3.3366951942,-4.5679569244
0.2779991031,-3.3366951942,-4.5679569244
0.2779991031,-3.3366951942,-4.5679569244
0.2779991031,-3.3366951942,-4.5679569244
0.2779991031,-3.3366951942,-4.5679569244
0.2779991031,-3.3366951942,-4.5679569244
0.2779991031,-3.3366951942,-4.5679569244
0.2779991031,-3.3366951942,-4.5679569244
0.2779991031,-3.3366951942,-4.5679569244
0.2779991031,-3.3366951942,-4.5679569244
0.1726709008,-3.4717040062,-4.7728300095
0.2779991031,-3.3366951942,-4.5679569244
0.2779991031,-3.3366951942,-4.5679569244
0.2779991031,-3.3366951942,-4.5679569244
0.2779991031,-3.3366951942,-4.5679569244
0.2779991031,-3.3366951942,-4.5679569244
0.2779991031,-3.3366951942,-4.5679569244
0.2779991031,-3.3366951942,-4.5679569244
0.2779991031,-3.3366951942,-4.5679569244
0.2779991031,-3.3366951942,-4.5679569244
0.2779991031,-3.3366951942,-4.5679569244
0.2779991031,-3.3366951942,-4.5679569244
0.1880217493,-3.6244444847,-4.7849650383
-0.2296081781,-3.1037557125,-4.9683899879
-0.1326242983,-3.1810927391,-4.9028420448
-0.4469515085,-2.9440135956,-5.1338610649
-0.4469515085,-2.9440135956,-5.1338610649
-0.3959910274,-2.9664731026,-5.0825052261
-0.4469515085,-2.9440135956,-5.1338610649
-0.4469515085,-2.9440135956,-5.1338610649
-0.5264881253,-2.8606040478,-5.1765642166
-0.4469515085,-2.9440135956,-5.1338610649
-0.4469515085,-2.9440135956,-5.1338610649
-0.4469515085,-2.9440135956,-5.1338610649
0.2010313720,-3.4206938744,-4.6820144653
0.0580295026,-3.0048949718,-4.8138732910
0.2422493100,-3.4782044888,-4.6504712105
0.2422481179,-3.4781980515,-4.6504745483
0.2434452325,-3.4807732105,-4.6488447189
0.2422803044,-3.4783699512,-4.6503925323
0.2434452325,-3.4807732105,-4.6488447189
0.2434452325,-3.4807732105,-4.6488447189
0.2434452325,-3.4807732105,-4.6488447189
0.0174658988,-3.2718114853,-4.8134245872
0.2434452325,-3.4807732105,-4.6488447189
0.0183440391,-3.2562000751,-4.8183274269
0.0185346585,-3.2527480125,-4.8194036484
0.0177801326,-3.2661921978,-4.8151855469
0.0564725697,-2.5760624409,-5.0316491127
0.0564725697,-2.5760624409,-5.0316491127
0.0213448070,-2.3129086494,-5.2093367577
-0.0401623771,-2.3615107536,-5.1919693947
0.0728858635,-2.2250351906,-5.1579689980
0.0564725697,-2.5760624409,-5.0316491127
0.0047848704,-2.4781858921,-5.1202158928
0.0564725697,-2.5760624409,-5.0316491127
0.0564725697,-2.5760624409,-5.0316491127
0.0564725697,-2.5760624409,-5.0316491127
5.4992837906,-0.5183460116,-4.4176106453
0.9294767976,-2.0884363651,-5.0224661827
0.9294767976,-2.0884363651,-5.0224661827
0.9294767976,-2.0884363651,-5.0224661827
0.9294767976,-2.0884363651,-5.0224661827
0.9294767976,-2.0884363651,-5.0224661827
0.9294767976,-2.0884363651,-5.0224661827
0.9294767976,-2.0884363651,-5.0224661827
0.9294767976,-2.0884363651,-5.0224661827
0.9294767976,-2.0884363651,-5.0224661827
6.1787800789,-0.2314465195,-4.3528013229
5.8006629944,-0.3913155794,-4.3892550468
5.8656096458,-0.3638686538,-4.3830165863
5.6121253967,-0.4708594382,-4.4071283340
0.9294767976,-2.0884363651,-5.0224661827
0.9294767976,-2.0884363651,-5.0224661827
0.9294767976,-2.0884363651,-5.0224661827
0.9294767976,-2.0884363651,-5.0224661827
1.2450834513,-2.0565423965,-4.9647507668
2.1276206970,-1.8932952881,-4.6810665131
0.9294767976,-2.0884363651,-5.0224661827
0.9294767976,-2.0884363651,-5.0224661827
0.9294767976,-2.0884363651,-5.0224661827
0.9294767976,-2.0884363651,-5.0224661827
0.9294767976,-2.0884363651,-5.0224661827
0.9294767976,-2.0884363651,-5.0224661827
1.4006055593,-2.2703993320,-4.7629766464
1.3919233084,-2.2727937698,-4.7679495811
2.5717599392,-1.6130473614,-4.5240187645
1.3778280020,-2.2767839432,-4.7751088142
1.3547780514,-2.2837493420,-4.7848749161
1.3770092726,-2.2769575119,-4.7755541801
0.9605273008,-2.3838248253,-4.9982724190
1.4212700129,-2.2562956810,-4.9319791794
1.4409511089,-2.2505025864,-4.9289197922
-0.4185084105,-2.7007617950,-5.4188485146
-0.6261751652,-2.7287445068,-5.3541188240
1.8637963533,-2.0449697971,-4.8637924194
1.8672590256,-2.0433571339,-4.8626890182
8.7634458542,-3.3313653469,-4.6569452286
-0.6276711822,-2.7967212200,-5.3547649384
3.6819224358,-2.7820155621,-4.5119547844
1.1390761137,-2.9927883148,-5.4649405479
1.3876038790,-2.9739573002,-5.4244866371
1.1390761137,-2.9927883148,-5.4649405479
1.3844668865,-2.9748609066,-5.4263544083
1.3816392422,-2.9756777287,-5.4280376434
1.3792177439,-2.9763653278,-5.4294843674
1.3669333458,-2.9799396992,-5.4367823601
1.1390761137,-2.9927883148,-5.4649405479
1.1390761137,-2.9927883148,-5.4649405479
1.1390761137,-2.9927883148,-5.4649405479
1.1390761137,-2.9927883148,-5.4649405479
1.1390761137,-2.9927883148,-5.4649405479
1.1390761137,-2.9927883148,-5.4649405479
1.1390761137,-2.9927883148,-5.4649405479
1.1390761137,-2.9927883148,-5.4649405479
1.1390761137,-2.9927883148,-5.4649405479
1.1390761137,-2.9927883148,-5.4649405479
1.1390761137,-2.9927883148,-5.4649405479
1.1390761137,-2.9927883148,-5.4649405479
1.1390761137,-2.9927883148,-5.4649405479
1.3887107372,-2.9736304283,-5.4238309860
1.3866794109,-2.9742159843,-5.4250407219
1.3851383924,-2.9746639729,-5.4259562492
1.1390761137,-2.9927883148,-5.4649405479
1.3812437057,-2.9757864475,-5.4282755852
1.3787136078,-2.9765193462,-5.4297804832
1.3782877922,-2.9766380787,-5.4300360680
1.3756271601,-2.9774155617,-5.4316148758
1.3692574501,-2.9792640209,-5.4354019165
1.3688755035,-2.9793794155,-5.4356265068
1.3678810596,-2.9796671867,-5.4362182617
1.3674244881,-2.9797976017,-5.4364905357
1.3654327393,-2.9803667068,-5.4376792908
1.3650346994,-2.9804964066,-5.4379086494
1.3644837141,-2.9806582928,-5.4382352829
1.3591200113,-2.9822020531,-5.4414305687
1.1390761137,-2.9927883148,-5.4649405479
1.1390761137,-2.9927883148,-5.4649405479
1.8592278957,-2.8302347660,-5.2114796638
1.3624752760,-2.9812262058,-5.4394369125
1.1390761137,-2.9927883148,-5.4649405479
2.3668906689,-2.7190539837,-4.9784965515
2.0240411758,-2.7908530235,-5.0453462601
2.2025866508,-2.7746076584,-4.9511594772
2.1955723763,-2.7763683796,-4.9476022720
2.0240411758,-2.7908530235,-5.0453462601
2.0240411758,-2.7908530235,-5.0453462601
2.0240411758,-2.7908530235,-5.0453462601
2.2058284283,-2.7736380100,-4.9528479576
2.2059807777,-2.7735898495,-4.9529275894
2.2055239677,-2.7737340927,-4.9526877403
2.2022128105,-2.7747077942,-4.9509673119
2.2006926537,-2.7751209736,-4.9501872063
2.1978576183,-2.7758347988,-4.9487495422
2.0240411758,-2.7908530235,-5.0453462601
2.0240411758,-2.7908530235,-5.0453462601
2.0240411758,-2.7908530235,-5.0453462601
2.0240411758,-2.7908530235,-5.0453462601
2.0240411758,-2.7908530235,-5.0453462601
2.0240411758,-2.7908530235,-5.0453462601
2.0240411758,-2.7908530235,-5.0453462601
2.0240411758,-2.7908530235,-5.0453462601
2.0240411758,-2.7908530235,-5.0453462601
2.0240411758,-2.7908530235,-5.0453462601
2.0240411758,-2.7908530235,-5.0453462601
2.0240411758,-2.7908530235,-5.0453462601
2.6059975624,-2.6505658627,-5.2021346092
2.6016759872,-2.6514000893,-5.2010550499
11.2622766495,-2.2728304863,-8.4797735214
3.0204944611,-2.5494787693,-5.3650345802
2.9502375126,-2.5675413609,-5.3421092033
2.9498589039,-2.5676112175,-5.3420443535
4.4203968048,-2.2204322815,-5.4928965569
3.0187280178,-2.5498170853,-5.3647289276
2.9502243996,-2.5675437450,-5.3421072960
2.9498076439,-2.5676167011,-5.3420224190
2.9498414993,-2.5676126480,-5.3420348167
2.9498748779,-2.5676095486,-5.3420543671
2.9498579502,-2.5676128864,-5.3420519829
2.9497969151,-2.5676240921,-5.3420414925
3.9555873871,-2.4005079269,-5.5580873489
3.6953768730,-2.3754923344,-5.4532012939
3.9192664623,-2.3940598965,-5.5294389725
3.9192664623,-2.3940598965,-5.5294389725
3.8038759232,-2.4132492542,-5.4743790627
3.8075983524,-2.4145359993,-5.4750947952
3.6362745762,-2.3549592495,-5.4417099953
3.9192664623,-2.3940598965,-5.5294389725
4.0249953270,-2.4194025993,-5.6120181084
3.9192664623,-2.3940598965,-5.5294389725
3.9192664623,-2.3940598965,-5.5294389725
3.9192664623,-2.3940598965,-5.5294389725
3.9192664623,-2.3940598965,-5.5294389725
3.9192664623,-2.3940598965,-5.5294389725
3.9192664623,-2.3940598965,-5.5294389725
2.9800779819,-2.1267714500,-5.3138427734
3.6980473995,-2.3011481762,-5.9217019081
2.9800779819,-2.1267714500,-5.3138427734
3.5969164371,-2.2780272961,-5.8351788521
2.9800779819,-2.1267714500,-5.3138427734
2.9800779819,-2.1267714500,-5.3138427734
11.4205617905,-3.8790273666,-12.0615291595
12.0505189896,-4.4647278786,-9.7049589157
4.1531639099,-2.4142310619,-6.1460366249
4.1704168320,-2.4131391048,-6.1427102089
4.1805238724,-2.4163949490,-6.1437172890
4.3110361099,-2.4079725742,-6.2462058067
4.1633877754,-2.4164309502,-6.1444115639
4.1610312462,-2.4100699425,-6.1417636871
4.1654400826,-2.4114949703,-6.1422042847
4.2137603760,-2.4248688221,-6.1542234421
4.2169475555,-2.4258911610,-6.1544852257
4.2433314323,-2.4341003895,-6.1606397629
4.2462825775,-2.4350323677,-6.1608514786
4.1591281891,-2.4091639519,-6.1426825523
4.1667985916,-2.4102983475,-6.1444697380
4.1818389893,-2.4153287411,-6.1459379196
5.2227025032,-2.7602472305,-6.2493324280
4.4113812447,-2.5054690838,-6.1648945808
4.4119606018,-2.5059368610,-6.1647138596
4.4101834297,-2.5045077801,-6.1652727127
4.4105439186,-2.5047910213,-6.1651544571
4.4088373184,-2.5034425259,-6.1657090187
4.4084715843,-2.5031552315,-6.1658291817
4.4081811905,-2.5029246807,-6.1659221649
4.4062695503,-2.5014343262,-6.1665577888
4.4042329788,-2.4998617172,-6.1672463417
4.6643090248,-2.5734727383,-6.1922173500
4.6643090248,-2.5734727383,-6.1922173500
4.6643090248,-2.5734727383,-6.1922173500
4.6643090248,-2.5734727383,-6.1922173500
4.6643090248,-2.5734727383,-6.1922173500
4.4091863632,-2.5037298203,-6.1656041145
4.4039330482,-2.4996445179,-6.1673588753
4.4008889198,-2.4973359108,-6.1684184074
4.6643090248,-2.5734727383,-6.1922173500
4.6643090248,-2.5734727383,-6.1922173500
4.6643090248,-2.5734727383,-6.1922173500
4.6643090248,-2.5734727383,-6.1922173500
4.1879401207,-2.3542475700,-6.2752671242
4.4004340172,-2.4970116615,-6.1685919762
4.6643090248,-2.5734727383,-6.1922173500
4.6643090248,-2.5734727383,-6.1922173500
4.7381029129,-2.5561749935,-6.1871099472
4.3668079376,-2.3902518749,-6.2567548752
3.8267846107,-2.0543553829,-6.3627147675
3.6790046692,-1.9589874744,-6.4020218849
3.9234046936,-2.1183860302,-6.3371067047
3.8267846107,-2.0543553829,-6.3627147675
4.1634206772,-2.3134043217,-6.2578139305
3.8267846107,-2.0543553829,-6.3627147675
3.8267846107,-2.0543553829,-6.3627147675
3.8267846107,-2.0543553829,-6.3627147675
4.6901416779,-2.5310146809,-6.1971549988
4.1241946220,-2.2264661789,-6.3004612923
4.7352161407,-2.5488276482,-6.1882247925
4.6901416779,-2.5310146809,-6.1971549988
4.6901416779,-2.5310146809,-6.1971549988
4.6901416779,-2.5310146809,-6.1971549988
4.6901416779,-2.5310146809,-6.1971549988
4.6901416779,-2.5310146809,-6.1971549988
4.3183403015,-2.3258273602,-6.2725086212
4.3582487106,-2.2536215782,-6.3090553284
4.7387123108,-2.5506110191,-6.1877932549
3.8069424629,-2.0744380951,-6.3038744926
3.5430307388,-1.9402852058,-6.3109831810
3.8069443703,-2.0744380951,-6.3038744926
3.8069343567,-2.0744321346,-6.3038744926
3.8069348335,-2.0744323730,-6.3038744926
4.0157761574,-2.1677205563,-6.2966041565
3.0285773277,-1.6797438860,-6.3808488846
3.8069417477,-2.0744376183,-6.3038749695
3.8069422245,-2.0744376183,-6.3038749695
3.8069546223,-2.0744435787,-6.3038730621
4.0727553368,-2.2017700672,-6.2883481979
3.8069491386,-2.0744402409,-6.3038730621
3.8969659805,-2.1165745258,-6.2987957001
3.8959639072,-2.1160063744,-6.2989277840
3.8958103657,-2.1159198284,-6.2989487648
4.0853762627,-2.2093188763,-6.2865262032
4.0510749817,-2.1949925423,-6.2997961044
3.8986415863,-2.1175234318,-6.2985744476
4.8899688721,-2.7369635105,-6.1039457321
2.0247123241,-1.0449055433,-6.5103011131
6.8540048599,-5.3086085320,-5.7765550613
6.7250051498,-5.1209239960,-5.7891492844
3.0446798801,-1.6364467144,-6.3599534035
6.3473429680,-3.7071082592,-5.8062252998
6.3213310242,-3.6856391430,-5.8165879250
6.2991924286,-3.6674129963,-5.8254361153
6.2968850136,-3.6655414104,-5.8263759613
6.2727503777,-3.6455934048,-5.8359718323
6.2655930519,-3.6396884918,-5.8388257027
6.6719965935,-3.9840273857,-5.6885290146
5.2061400414,-2.9539039135,-5.9557299614
5.3909115791,-3.1809570789,-5.9183859825
5.3908057213,-3.1809012890,-5.9184184074
5.3908128738,-3.1809048653,-5.9184141159
5.3907637596,-3.1808791161,-5.9184212685
5.3907160759,-3.1808540821,-5.9184355736
5.3907504082,-3.1808722019,-5.9184255600
5.3995251656,-3.1936683655,-5.9177360535
5.1147756577,-2.6240732670,-6.2556700706
5.1035017967,-2.5587337017,-6.3158178329
6.5599584579,-3.9000775814,-5.7982139587
5.3258833885,-2.8064184189,-6.1114282608
6.0568981171,-3.4663271904,-5.9148902893
5.1144056320,-2.5693149567,-6.3084173203
2.8733882904,-1.9004496336,-6.2611188889
3.0082325935,-1.9801069498,-6.2535252571
2.7089171410,-1.8620293140,-6.2787103653
2.7335138321,-1.8718330860,-6.2763566971
3.0281217098,-1.9638893604,-6.2469525337
2.9568109512,-1.9345695972,-6.2532620430
2.9203481674,-1.9196861982,-6.2567753792
5.2289905548,-2.7245559692,-6.1964550018
5.2049994469,-2.7288985252,-6.3327150345
5.4561052322,-2.9631237984,-6.0079860687
5.5482425690,-2.9958384037,-6.0128321648
5.5482425690,-2.9958384037,-6.0128321648
5.5482425690,-2.9958384037,-6.0128321648
5.5482425690,-2.9958384037,-6.0128321648
5.5482425690,-2.9958384037,-6.0128321648
5.5482425690,-2.9958384037,-6.0128321648
5.5482425690,-2.9958384037,-6.0128321648
5.5482425690,-2.9958384037,-6.0128321648
5.5482425690,-2.9958384037,-6.0128321648
5.5482425690,-2.9958384037,-6.0128321648
5.5482425690,-2.9958384037,-6.0128321648
5.5482425690,-2.9958384037,-6.0128321648
5.4399662018,-2.9555673599,-6.0076484680
5.4674692154,-2.9651639462,-6.0095496178
5.4679007530,-2.9660449028,-6.0094733238
5.4682803154,-2.9668066502,-6.0093426704
5.4674386978,-2.9651002884,-6.0095400810
5.4672489166,-2.9647076130,-6.0095481873
5.0581021309,-2.1253948212,-6.0585546494
5.0581021309,-2.1253948212,-6.0585546494
5.0581021309,-2.1253948212,-6.0585546494
5.0581021309,-2.1253948212,-6.0585546494
5.0581021309,-2.1253948212,-6.0585546494
5.0581021309,-2.1253948212,-6.0585546494
5.0581021309,-2.1253948212,-6.0585546494
5.0581021309,-2.1253948212,-6.0585546494
5.0574049950,-2.1224889755,-6.0579185486
5.0581021309,-2.1253948212,-6.0585546494
5.0581021309,-2.1253948212,-6.0585546494
5.0562515259,-2.1174843311,-6.0568323135
5.0581021309,-2.1253948212,-6.0585546494
5.0573935509,-2.1225068569,-6.0579037666
5.0581021309,-2.1253948212,-6.0585546494
5.0581021309,-2.1253948212,-6.0585546494
5.0581021309,-2.1253948212,-6.0585546494
5.0581021309,-2.1253948212,-6.0585546494
5.0581021309,-2.1253948212,-6.0585546494
5.0581021309,-2.1253948212,-6.0585546494
5.0581021309,-2.1253948212,-6.0585546494
5.0581021309,-2.1253948212,-6.0585546494
5.0581021309,-2.1253948212,-6.0585546494
5.0581021309,-2.1253948212,-6.0585546494
5.0581021309,-2.1253948212,-6.0585546494
5.0581021309,-2.1253948212,-6.0585546494
5.0581021309,-2.1253948212,-6.0585546494
5.0581021309,-2.1253948212,-6.0585546494
5.0581021309,-2.1253948212,-6.0585546494
5.0581021309,-2.1253948212,-6.0585546494
5.0581021309,-2.1253948212,-6.0585546494
5.0581021309,-2.1253948212,-6.0585546494
5.0581021309,-2.1253948212,-6.0585546494
5.0581021309,-2.1253948212,-6.0585546494
5.0581021309,-2.1253948212,-6.0585546494
5.0574030876,-2.1225700378,-6.0578708649
5.0581021309,-2.1253948212,-6.0585546494
5.0581021309,-2.1253948212,-6.0585546494
5.0581021309,-2.1253948212,-6.0585546494
5.0581021309,-2.1253948212,-6.0585546494
5.0581021309,-2.1253948212,-6.0585546494
5.0581021309,-2.1253948212,-6.0585546494
5.0581021309,-2.1253948212,-6.0585546494
5.0573697090,-2.1225991249,-6.0578479767
5.0581021309,-2.1253948212,-6.0585546494
5.0574092865,-2.1225876808,-6.0578627586
5.0581021309,-2.1253948212,-6.0585546494
5.0581021309,-2.1253948212,-6.0585546494
5.0581021309,-2.1253948212,-6.0585546494
5.0573911667,-2.1225962639,-6.0578536987
5.0581021309,-2.1253948212,-6.0585546494
5.0581021309,-2.1253948212,-6.0585546494
5.0573873520,-2.1226222515,-6.0578398705
5.0581021309,-2.1253948212,-6.0585546494
5.0581021309,-2.1253948212,-6.0585546494
5.0581021309,-2.1253948212,-6.0585546494
5.0581021309,-2.1253948212,-6.0585546494
5.0581021309,-2.1253948212,-6.0585546494
5.0573887825,-2.1226410866,-6.0578312874
5.0581021309,-2.1253948212,-6.0585546494
5.0581021309,-2.1253948212,-6.0585546494
5.0581021309,-2.1253948212,-6.0585546494
5.0581021309,-2.1253948212,-6.0585546494
5.0581021309,-2.1253948212,-6.0585546494
5.0581021309,-2.1253948212,-6.0585546494
5.0581021309,-2.1253948212,-6.0585546494
5.0581021309,-2.1253948212,-6.0585546494
5.0581021309,-2.1253948212,-6.0585546494
4.9061799049,-1.5309575796,-6.0378370285
5.0581021309,-2.1253948212,-6.0585546494
5.0573458672,-2.1224203110,-6.0579361916
5.0581021309,-2.1253948212,-6.0585546494
5.0573611259,-2.1224331856,-6.0579347610
5.0573616028,-2.1224367619,-6.0579328537
5.0581021309,-2.1253948212,-6.0585546494
5.0573644638,-2.1224503517,-6.0579257011
5.0573639870,-2.1224474907,-6.0579271317
5.0573658943,-2.1224565506,-6.0579223633
5.0573668480,-2.1224601269,-6.0579214096
5.0581021309,-2.1253948212,-6.0585546494
5.0581021309,-2.1253948212,-6.0585546494
5.0581021309,-2.1253948212,-6.0585546494
5.0581021309,-2.1253948212,-6.0585546494
5.0581021309,-2.1253948212,-6.0585546494
5.0573840141,-2.1224827766,-6.0579137802
5.0574045181,-2.1224915981,-6.0579171181
5.0573921204,-2.1224932671,-6.0579109192
5.0581021309,-2.1253948212,-6.0585546494
5.0581021309,-2.1253948212,-6.0585546494
5.0573925972,-2.1224963665,-6.0579090118
5.0573930740,-2.1225006580,-6.0579071045
5.0581021309,-2.1253948212,-6.0585546494
5.0574030876,-2.1225080490,-6.0579061508
5.0573935509,-2.1225075722,-6.0579032898
5.0574026108,-2.1225097179,-6.0579056740
5.0581021309,-2.1253948212,-6.0585546494
5.0581021309,-2.1253948212,-6.0585546494
5.0581021309,-2.1253948212,-6.0585546494
5.0581021309,-2.1253948212,-6.0585546494
5.0581021309,-2.1253948212,-6.0585546494
5.0581021309,-2.1253948212,-6.0585546494
5.0581021309,-2.1253948212,-6.0585546494
5.0581021309,-2.1253948212,-6.0585546494
5.0581021309,-2.1253948212,-6.0585546494
5.0581021309,-2.1253948212,-6.0585546494
5.0581021309,-2.1253948212,-6.0585546494
5.0581021309,-2.1253948212,-6.0585546494
5.0581021309,-2.1253948212,-6.0585546494
5.0581021309,-2.1253948212,-6.0585546494
5.0581021309,-2.1253948212,-6.0585546494
5.0581021309,-2.1253948212,-6.0585546494
5.0581021309,-2.1253948212,-6.0585546494
5.0581021309,-2.1253948212,-6.0585546494
5.0581021309,-2.1253948212,-6.0585546494
5.0581021309,-2.1253948212,-6.0585546494
5.0581021309,-2.1253948212,-6.0585546494
5.0581021309,-2.1253948212,-6.0585546494
5.0581021309,-2.1253948212,-6.0585546494
5.0581021309,-2.1253948212,-6.0585546494
5.0573892593,-2.1225919724,-6.0578556061
5.0581021309,-2.1253948212,-6.0585546494
5.0573978424,-2.1226115227,-6.0578474998
5.0581021309,-2.1253948212,-6.0585546494
5.0581021309,-2.1253948212,-6.0585546494
5.0574035645,-2.1226248741,-6.0578427315
5.0581021309,-2.1253948212,-6.0585546494
5.0581021309,-2.1253948212,-6.0585546494
5.0581021309,-2.1253948212,-6.0585546494
5.0581021309,-2.1253948212,-6.0585546494
5.0581021309,-2.1253948212,-6.0585546494
5.0574207306,-2.1226735115,-6.0578217506
5.0574207306,-2.1226978302,-6.0578098297
5.0575079918,-2.1228153706,-6.0577697754
5.0581021309,-2.1253948212,-6.0585546494
5.0572581291,-2.1223514080,-6.0579476357
5.0572619438,-2.1223595142,-6.0579442978
5.0572853088,-2.1223843098,-6.0579371452
5.0572767258,-2.1223912239,-6.0579319000
5.0572547913,-2.1224167347,-6.0579152107
5.0573048592,-2.1224031448,-6.0579323769
5.0573153496,-2.1223998070,-6.0579376221
5.0572967529,-2.1224102974,-6.0579266548
5.0581021309,-2.1253948212,-6.0585546494
5.0581021309,-2.1253948212,-6.0585546494
5.0573468208,-2.1224238873,-6.0579347610
5.0573124886,-2.1224212646,-6.0579247475
5.0572729111,-2.1224324703,-6.0579109192
5.0573477745,-2.1224286556,-6.0579323769
5.0581021309,-2.1253948212,-6.0585546494
5.0561146736,-2.1173362732,-6.0568714142
5.0573630333,-2.1224420071,-6.0579299927
5.0573329926,-2.1224460602,-6.0579171181
5.0573530197,-2.1224462986,-6.0579242706
5.0573344231,-2.1224503517,-6.0579156876
5.0573444366,-2.1224496365,-6.0579190254
5.0573458672,-2.1224541664,-6.0579171181
5.0573368073,-2.1224546432,-6.0579137802
5.0573654175,-2.1224558353,-6.0579228401
5.0573287010,-2.1224586964,-6.0579094887
5.0581021309,-2.1253948212,-6.0585546494
5.0573477745,-2.1224610806,-6.0579137802
5.0573673248,-2.1224629879,-6.0579190254
5.0573511124,-2.1224694252,-6.0579104424
5.0581021309,-2.1253948212,-6.0585546494
5.0573616028,-2.1224751472,-6.0579104424
5.0573801994,-2.1224772930,-6.0579156876
5.0573711395,-2.1224777699,-6.0579123497
5.0581021309,-2.1253948212,-6.0585546494
5.0573821068,-2.1224863529,-6.0579109192
5.0574045181,-2.1224906445,-6.0579175949
5.0581021309,-2.1253948212,-6.0585546494
5.0573148727,-2.1225082874,-6.0578818321
5.0581021309,-2.1253948212,-6.0585546494
5.0581021309,-2.1253948212,-6.0585546494
5.0573930740,-2.1225039959,-6.0579051971
5.0581021309,-2.1253948212,-6.0585546494
5.0573263168,-2.1225285530,-6.0578742027
5.0581021309,-2.1253948212,-6.0585546494
5.0581021309,-2.1253948212,-6.0585546494
5.0581021309,-2.1253948212,-6.0585546494
5.0574040413,-2.1225326061,-6.0578923225
5.0581021309,-2.1253948212,-6.0585546494
5.0581021309,-2.1253948212,-6.0585546494
5.0581021309,-2.1253948212,-6.0585546494
5.0573782921,-2.1225667000,-6.0578660965
5.0573806763,-2.1225719452,-6.0578637123
5.0581021309,-2.1253948212,-6.0585546494
5.0581021309,-2.1253948212,-6.0585546494
4.9120287895,-1.9231183529,-6.0779438019
3.9224629402,0.4577302933,-6.8237385750
3.5906424522,1.1264743805,-7.0660300255
3.8009624481,0.1079449505,-6.7905697823
4.0738720894,-0.3821717203,-6.6274127960
4.6439075470,-1.4081301689,-6.2772192955
4.6813874245,-1.4055658579,-6.3236222267
4.7396874428,-1.4913215637,-6.1608610153
4.7400941849,-1.4891905785,-6.1597018242
4.7390427589,-1.4948828220,-6.1628413200
4.7373089790,-1.5038785934,-6.1677107811
4.7350463867,-1.5163999796,-6.1746802330
4.6469712257,-1.4164648056,-6.2635436058
4.6475481987,-1.4153306484,-6.2651524544
4.6770801544,-1.4034117460,-6.3273959160
4.6769595146,-1.4044519663,-6.3277812004
4.5508065224,-1.3793390989,-6.5358862877
4.5380067825,-2.5809352398,-6.7612676620
4.5380067825,-2.5809352398,-6.7612676620
4.5380067825,-2.5809352398,-6.7612676620
4.4586100578,-2.9778749943,-6.9285302162
4.5380067825,-2.5809352398,-6.7612676620
4.5380067825,-2.5809352398,-6.7612676620
4.5380067825,-2.5809352398,-6.7612676620
4.5380067825,-2.5809352398,-6.7612676620
4.5380067825,-2.5809352398,-6.7612676620
4.5380067825,-2.5809352398,-6.7612676620
4.5380067825,-2.5809352398,-6.7612676620
4.5380067825,-2.5809352398,-6.7612676620
4.5380067825,-2.5809352398,-6.7612676620
4.5380067825,-2.5809352398,-6.7612676620
4.5380067825,-2.5809352398,-6.7612676620
4.5380067825,-2.5809352398,-6.7612676620
4.5380067825,-2.5809352398,-6.7612676620
4.5380067825,-2.5809352398,-6.7612676620
4.5380067825,-2.5809352398,-6.7612676620
4.5380067825,-2.5809352398,-6.7612676620
4.5380067825,-2.5809352398,-6.7612676620
4.5380067825,-2.5809352398,-6.7612676620
4.5380067825,-2.5809352398,-6.7612676620
4.5380067825,-2.5809352398,-6.7612676620
4.5380067825,-2.5809352398,-6.7612676620
4.4588603973,-2.9499292374,-6.8968219757
4.4612131119,-2.9471747875,-6.8933057785
4.5380067825,-2.5809352398,-6.7612676620
4.5380067825,-2.5809352398,-6.7612676620
4.5380067825,-2.5809352398,-6.7612676620
4.5380067825,-2.5809352398,-6.7612676620
4.4577703476,-2.9858140945,-6.9376664162
4.4578285217,-2.9853668213,-6.9371523857
4.5380067825,-2.5809352398,-6.7612676620
4.5380067825,-2.5809352398,-6.7612676620
4.4580950737,-2.9828224182,-6.9342212677
4.5380067825,-2.5809352398,-6.7612676620
4.5380067825,-2.5809352398,-6.7612676620
4.4583649635,-2.9804916382,-6.9315438271
4.5380067825,-2.5809352398,-6.7612676620
4.5380067825,-2.5809352398,-6.7612676620
4.4584336281,-2.9797649384,-6.9307069778
4.5380067825,-2.5809352398,-6.7612676620
4.5380067825,-2.5809352398,-6.7612676620
4.5380067825,-2.5809352398,-6.7612676620
4.5380067825,-2.5809352398,-6.7612676620
4.5380067825,-2.5809352398,-6.7612676620
4.5380067825,-2.5809352398,-6.7612676620
4.5380067825,-2.5809352398,-6.7612676620
4.5380067825,-2.5809352398,-6.7612676620
4.5380067825,-2.5809352398,-6.7612676620
4.5380067825,-2.5809352398,-6.7612676620
4.5380067825,-2.5809352398,-6.7612676620
4.5380067825,-2.5809352398,-6.7612676620
4.5380067825,-2.5809352398,-6.7612676620
4.5380067825,-2.5809352398,-6.7612676620
4.5380067825,-2.5809352398,-6.7612676620
4.5380067825,-2.5809352398,-6.7612676620
4.4584255219,-2.9553544521,-6.9030456543
4.4581375122,-2.9544436932,-6.9019207954
4.4604392052,-2.9555194378,-6.9028286934
4.4620809555,-2.9353153706,-6.8797450066
4.5380067825,-2.5809352398,-6.7612676620
4.5380067825,-2.5809352398,-6.7612676620
4.5380067825,-2.5809352398,-6.7612676620
4.5380067825,-2.5809352398,-6.7612676620
4.4615778923,-2.9384789467,-6.8832716942
4.4619030952,-2.9364831448,-6.8810482025
4.4287853241,-3.2117242813,-7.1736116409
4.4491138458,-3.1547584534,-7.1529817581
4.4550704956,-3.1149230003,-7.1220784187
4.4276804924,-3.3441710472,-7.3797831535
4.4287977219,-3.2116262913,-7.1735339165
4.4487814903,-3.1567478180,-7.1545333862
4.4496893883,-3.1509375572,-7.1500167847
4.1991033554,-4.6410832405,-8.3804969788
4.4482808113,-3.1599159241,-7.1569972038
4.2954087257,-4.1645464897,-7.9348387718
4.2954607010,-4.1643629074,-7.9346842766
4.2953619957,-4.1647081375,-7.9349780083
4.3162479401,-3.8735444546,-7.6684203148
4.3164296150,-3.8727450371,-7.6679086685
4.3553562164,-3.6650695801,-7.5171985626
4.3855924606,-3.5287876129,-7.4293451309
4.3901062012,-3.5131037235,-7.4212765694
4.3196921349,-3.8372881413,-7.6344094276
4.3192505836,-3.8405330181,-7.6378488541
4.3286318779,-3.7937297821,-7.6015582085
4.3350410461,-3.7729225159,-7.5869235992
4.3822283745,-3.5258409977,-7.4213008881
4.3778448105,-3.5779736042,-7.4668784142
4.3875436783,-3.5092184544,-7.4134426117
4.4516863823,-4.6504836082,-8.5760116577
4.4292974472,-3.3785266876,-7.3516855240
4.4292974472,-3.3785266876,-7.3516855240
4.4292974472,-3.3785266876,-7.3516855240
4.4292974472,-3.3785266876,-7.3516855240
4.4292974472,-3.3785266876,-7.3516855240
4.4292974472,-3.3785266876,-7.3516855240
4.4292974472,-3.3785266876,-7.3516855240
4.4292974472,-3.3785266876,-7.3516855240
4.4292974472,-3.3785266876,-7.3516855240
4.4292974472,-3.3785266876,-7.3516855240
4.4292974472,-3.3785266876,-7.3516855240
4.4292974472,-3.3785266876,-7.3516855240
4.4292974472,-3.3785266876,-7.3516855240
4.4292974472,-3.3785266876,-7.3516855240
4.4292974472,-3.3785266876,-7.3516855240
4.4292974472,-3.3785266876,-7.3516855240
4.4292974472,-3.3785266876,-7.3516855240
4.4292974472,-3.3785266876,-7.3516855240
4.4292974472,-3.3785266876,-7.3516855240
4.4292974472,-3.3785266876,-7.3516855240
4.4292974472,-3.3785266876,-7.3516855240
4.5402078629,-1.2370762825,-5.8859777451
4.4292974472,-3.3785266876,-7.3516855240
4.4292974472,-3.3785266876,-7.3516855240
4.4292974472,-3.3785266876,-7.3516855240
4.4292974472,-3.3785266876,-7.3516855240
4.4292974472,-3.3785266876,-7.3516855240
4.4292974472,-3.3785266876,-7.3516855240
4.4601879120,-3.2328815460,-7.2617034912
4.4292974472,-3.3785266876,-7.3516855240
4.4603743553,-3.2352781296,-7.2641792297
4.4838476181,-3.1341688633,-7.2030649185
4.4292974472,-3.3785266876,-7.3516855240
4.4292974472,-3.3785266876,-7.3516855240
4.4605689049,-3.2379529476,-7.2669587135
4.4292974472,-3.3785266876,-7.3516855240
4.4292974472,-3.3785266876,-7.3516855240
4.4699883461,-3.2313172817,-7.2751736641
4.4292974472,-3.3785266876,-7.3516855240
4.4292974472,-3.3785266876,-7.3516855240
4.4851360321,-3.1890063286,-7.2584004402
4.8810987473,-5.5590901375,-9.6236944199
4.4383521080,0.1542781293,-4.7157659531
4.3387742043,0.4578403234,-4.3861470222
4.6434044838,-4.7608628273,-8.7751245499
4.6434044838,-4.7608628273,-8.7751245499
4.6434044838,-4.7608628273,-8.7751245499
4.6434044838,-4.7608628273,-8.7751245499
4.6434044838,-4.7608628273,-8.7751245499
4.6434044838,-4.7608628273,-8.7751245499
4.6434044838,-4.7608628273,-8.7751245499
4.6434044838,-4.7608628273,-8.7751245499
4.6434044838,-4.7608628273,-8.7751245499
4.6434044838,-4.7608628273,-8.7751245499
4.6434044838,-4.7608628273,-8.7751245499
4.6434044838,-4.7608628273,-8.7751245499
4.6434044838,-4.7608628273,-8.7751245499
4.6434044838,-4.7608628273,-8.7751245499
4.6434044838,-4.7608628273,-8.7751245499
4.6434044838,-4.7608628273,-8.7751245499
4.6434044838,-4.7608628273,-8.7751245499
4.8387112617,-5.5272850990,-9.5644550323
4.8182234764,-5.4490089417,-9.4870128632
4.6505489349,-4.6991090775,-8.7264776230
4.6503582001,-4.6981377602,-8.7253961563
4.6434044838,-4.7608628273,-8.7751245499
4.6434044838,-4.7608628273,-8.7751245499
4.6434044838,-4.7608628273,-8.7751245499
4.6434044838,-4.7608628273,-8.7751245499
4.6434044838,-4.7608628273,-8.7751245499
4.6434044838,-4.7608628273,-8.7751245499
4.6434044838,-4.7608628273,-8.7751245499
4.6434044838,-4.7608628273,-8.7751245499
4.6434044838,-4.7608628273,-8.7751245499
4.6434044838,-4.7608628273,-8.7751245499
4.6434044838,-4.7608628273,-8.7751245499
4.6434044838,-4.7608628273,-8.7751245499
4.6434044838,-4.7608628273,-8.7751245499
4.6434044838,-4.7608628273,-8.7751245499
4.6983866692,-5.1902723312,-9.2592668533
3.3816401958,-1.7000808716,-6.2670159340
3.4652194977,-1.9018326998,-6.4419317245
2.7866663933,0.0982443243,-4.7819175720
4.1949081421,-3.7108314037,-7.9968657494
4.1857471466,-3.6411454678,-7.9497756958
4.3055305481,-3.9302804470,-8.2006053925
4.3940367699,-4.1439337730,-8.3858060837
3.2363493443,-0.3249846995,-5.2166152000
3.5199394226,-2.0339300632,-6.5563187599
3.6173329353,-2.2690312862,-6.7601256371
3.7764115334,-2.6530389786,-7.0930166245
3.9960393906,-3.1832027435,-7.5527195930
4.0333366394,-3.2732450962,-7.6307024956
2.8587844372,0.8324524164,-4.2426872253
4.2149524689,-3.8227396011,-8.0839605331
4.6199769974,-4.6893076897,-8.8589677811
4.6199769974,-4.6893076897,-8.8589677811
4.6199769974,-4.6893076897,-8.8589677811
4.6199769974,-4.6893076897,-8.8589677811
4.0910878181,-3.3770492077,-7.7160725594
3.4121601582,-1.4444496632,-6.0632581711
3.0963714123,-0.5455549955,-5.2946395874
4.6199769974,-4.6893076897,-8.8589677811
4.6199769974,-4.6893076897,-8.8589677811
4.8246192932,-5.4700045586,-9.4993963242
4.6199769974,-4.6893076897,-8.8589677811
4.6199769974,-4.6893076897,-8.8589677811
4.6199769974,-4.6893076897,-8.8589677811
2.9135816097,-0.0252586119,-4.8499593735
5.1774649620,-6.3535356522,-10.2819576263
4.8272953033,-5.4708642960,-9.5017957687
4.8162479401,-5.4414577484,-9.4818687439
4.7354121208,-5.1152353287,-9.2223911285
4.6481890678,-5.0070748329,-9.0952405930
4.8549070358,-5.5438199043,-9.5445690155
4.8623371124,-5.5631976128,-9.5583019257
4.8314976692,-5.4820485115,-9.5078792572
4.8162970543,-5.4415864944,-9.4820041656
4.8165893555,-5.4423680305,-9.4828214645
4.6228079796,-4.9363288879,-9.0134363174
4.6496424675,-5.0049295425,-8.9648256302
4.6800875664,-5.0648012161,-9.0084133148
4.7023453712,-5.1087269783,-9.0446004868
4.7033061981,-5.1106410027,-9.0464897156
4.6477508545,-4.9998102188,-8.9601068497
4.5659432411,-4.8105816841,-8.8112363815
4.4495925903,-4.5190157890,-8.5497236252
4.4485082626,-4.5162315369,-8.5468320847
4.1186914444,-3.9266016483,-7.7277455330
4.5669732094,-4.8133077621,-8.8138875961
4.5671920776,-4.8138780594,-8.8144445419
4.5671014786,-4.8136434555,-8.8142147064
4.5675706863,-4.8148784637,-8.8154172897
4.5679569244,-4.8158955574,-8.8164091110
4.5684423447,-4.8171653748,-8.8176479340
4.5690474510,-4.8187403679,-8.8191871643
4.5695242882,-4.8199892044,-8.8204050064
4.5696892738,-4.8204202652,-8.8208265305
4.2209520340,-3.9659454823,-7.9172239304
3.8269646168,-3.6159398556,-7.0878767967
4.2881846428,-4.1079316139,-8.1218957901
4.2830462456,-4.0948562622,-8.1085214615
4.2866516113,-4.1038036346,-8.1182470322
4.2830462456,-4.0948562622,-8.1085214615
3.9225530624,-3.7386832237,-7.2835702896
4.2830462456,-4.0948562622,-8.1085214615
4.2869648933,-4.1048107147,-8.1191654205
4.2830462456,-4.0948562622,-8.1085214615
4.2879524231,-4.1150741577,-8.1023883820
4.3016314507,-4.2899022102,-8.6272192001
4.2882328033,-4.1137032509,-8.1006431580
4.3259015083,-4.4305615425,-8.9856500626
4.3258876801,-4.4305171967,-8.9854612350
4.3951663971,-4.5387887955,-9.2394380569
4.3081884384,-4.3963322639,-8.9329280853
4.3313717842,-3.9288179874,-7.8584389687
4.2881875038,-4.1140480042,-8.1010599136
4.2881875038,-4.1140480042,-8.1010599136
4.3392100334,-3.8862876892,-7.8098573685
4.2819886208,-4.1541013718,-8.1798810959
4.2881875038,-4.1140480042,-8.1010599136
4.2881875038,-4.1140480042,-8.1010599136
4.2881875038,-4.1140480042,-8.1010599136
4.2881875038,-4.1140480042,-8.1010599136
4.2881875038,-4.1140480042,-8.1010599136
4.3375391960,-3.8967566490,-7.8209462166
4.3341865540,-3.9170005322,-7.8423357010
4.3335218430,-3.9209129810,-7.8464622498
4.2881875038,-4.1140480042,-8.1010599136
4.2881875038,-4.1140480042,-8.1010599136
4.2881875038,-4.1140480042,-8.1010599136
4.2881875038,-4.1140480042,-8.1010599136
4.2881875038,-4.1140480042,-8.1010599136
4.2881875038,-4.1140480042,-8.1010599136
4.2881875038,-4.1140480042,-8.1010599136
4.2881875038,-4.1140480042,-8.1010599136
4.2881875038,-4.1140480042,-8.1010599136
4.2881875038,-4.1140480042,-8.1010599136
4.2881875038,-4.1140480042,-8.1010599136
4.2881875038,-4.1140480042,-8.1010599136
4.2881875038,-4.1140480042,-8.1010599136
4.2881875038,-4.1140480042,-8.1010599136
4.2881875038,-4.1140480042,-8.1010599136
4.5064854622,-2.6284937859,-6.6794390678
4.4644184113,-2.6754992008,-6.7156896591
4.4119997025,-4.0349893570,-8.2936630249
4.3981122971,-3.8938236237,-7.9067792892
4.5010752678,-2.6465666294,-6.6541514397
4.4638633728,-2.6752593517,-6.7093400955
4.6743555069,-2.8154835701,-6.5234999657
4.5697183609,-2.6143121719,-6.6644215584
4.5436944962,-2.6707074642,-6.5349125862
4.8034081459,-2.9027757645,-5.7465300560
4.4095444679,-3.9939923286,-8.2537641525
4.4095335007,-3.9939749241,-8.2537164688
4.4083924294,-4.0022368431,-8.2628679276
4.4085288048,-4.0002465248,-8.2605438232
4.4085259438,-4.0002431870,-8.2605342865
4.4121799469,-3.9176557064,-8.1636438370
4.5145349503,-3.6270005703,-7.2478871346
4.3990554810,-3.9203543663,-8.0071344376
4.4084963799,-4.0001187325,-8.2601871490
4.4086871147,-3.9995844364,-8.2587842941
4.6694183350,-3.4780919552,-6.8850936890
4.4083595276,-4.0020961761,-8.2624835968
4.4095273018,-3.9895694256,-8.2466096878
4.5073018074,-3.6516616344,-7.3369617462
4.5073018074,-3.6516616344,-7.3369617462
4.5073018074,-3.6516616344,-7.3369617462
4.5073018074,-3.6516616344,-7.3369617462
4.6992602348,-3.3086102009,-6.8209781647
4.8173327446,-3.2957577705,-6.4925103188
4.8773894310,-3.2686326504,-6.3796057701
4.5073018074,-3.6516616344,-7.3369617462
4.5440173149,-3.4631090164,-6.8478646278
4.4811320305,-3.6982097626,-7.4688401222
5.0256752968,-3.2135517597,-5.9115748405
4.8326473236,-3.2847886086,-6.4658741951
4.6602020264,-3.4070191383,-6.6780200005
4.6610002518,-3.4065983295,-6.6761779785
4.8330917358,-3.2846698761,-6.4647755623
4.8328986168,-3.2847065926,-6.4652810097
4.9275264740,-3.2640423775,-6.2009553909
4.8323493004,-3.2848801613,-6.4667296410
4.8291621208,-3.2859096527,-6.4729871750
4.8299450874,-3.2857162952,-6.4710736275
4.8326458931,-3.2848172188,-6.4659743309
4.8326840401,-3.2847919464,-6.4657902718
4.8327078819,-3.2848029137,-6.4657988548
4.8327026367,-3.2848033905,-6.4657950401
4.8330249786,-3.2846825123,-6.4649410248
4.8331017494,-3.2846565247,-6.4647612572
4.8326191902,-3.2847957611,-6.4659419060
4.8318643570,-3.2851967812,-6.4663157463
5.0891766548,-3.2534918785,-5.8774456978
5.0817642212,-3.2574450970,-5.8983883858
5.8935875893,-3.0786585808,-4.0140185356
5.2058568001,-3.1865959167,-5.5429296494
5.2058568001,-3.1865959167,-5.5429296494
5.6378951073,-3.0164840221,-4.4840564728
5.2058568001,-3.1865959167,-5.5429296494
5.2058568001,-3.1865959167,-5.5429296494
5.2058568001,-3.1865959167,-5.5429296494
5.2058568001,-3.1865959167,-5.5429296494
5.9281640053,-3.0771152973,-3.9911727905
5.2058568001,-3.1865959167,-5.5429296494
5.2058568001,-3.1865959167,-5.5429296494
5.5124030113,-3.0310926437,-4.6629338264
4.2445468903,-4.2653603554,-8.0204687119
7.0759739876,-2.8185336590,-1.3119977713
3.3139257431,-3.2950193882,-9.2205448151
7.1781449318,-2.8478724957,-1.1994581223
7.2781414986,-2.8487164974,-1.0133267641
6.0328760147,-3.0170009136,-3.6654796600
5.7967662811,-3.0203249454,-4.0153622627
6.3215103149,-3.0690007210,-3.1906464100
5.9910984039,-3.0304260254,-3.7390866280
5.9838657379,-3.0311119556,-3.7483849525
6.1303548813,-3.0150165558,-3.4533131123
5.7500348091,-3.0228867531,-4.0774297714
5.9910421371,-3.0304369926,-3.7391510010
5.9816703796,-3.0312402248,-3.7513363361
5.7951369286,-3.0204508305,-4.0176038742
6.6085829735,-2.9762525558,-2.9380421638
6.6085829735,-2.9762525558,-2.9380421638
6.5778951645,-2.9759504795,-2.9581863880
6.6085829735,-2.9762525558,-2.9380421638
6.6085829735,-2.9762525558,-2.9380421638
6.1183505058,-2.8802626133,-3.4986379147
6.6310267448,-2.9724111557,-2.9142997265
6.5782570839,-2.9827721119,-2.9673600197
6.5785412788,-2.9826853275,-2.9671449661
6.5883955956,-2.9827973843,-2.9559996128
6.7599048615,-2.9258918762,-2.8022775650
7.3853368759,-2.7364125252,-2.3556928635
7.3853368759,-2.7364125252,-2.3556928635
7.3853368759,-2.7364125252,-2.3556928635
7.3853368759,-2.7364125252,-2.3556928635
7.3853368759,-2.7364125252,-2.3556928635
7.8118362427,-2.7272920609,-2.1535971165
7.3853368759,-2.7364125252,-2.3556928635
7.3853368759,-2.7364125252,-2.3556928635
7.3853368759,-2.7364125252,-2.3556928635
7.1877818108,-2.7660505772,-2.5080406666
7.3853368759,-2.7364125252,-2.3556928635
7.3853368759,-2.7364125252,-2.3556928635
7.1892299652,-2.7662973404,-2.5068862438
7.3853368759,-2.7364125252,-2.3556928635
11.0529947281,-2.6834702492,-0.3478436768
7.2167363167,-2.7906386852,-2.4822247028
6.2150158882,-2.6641883850,-3.1876671314
6.6085987091,-2.6670620441,-2.9816870689
6.6085987091,-2.6670620441,-2.9816870689
6.6085987091,-2.6670620441,-2.9816870689
6.6085987091,-2.6670620441,-2.9816870689
6.6085987091,-2.6670620441,-2.9816870689
6.6085987091,-2.6670620441,-2.9816870689
6.6085987091,-2.6670620441,-2.9816870689
6.6085987091,-2.6670620441,-2.9816870689
6.1959056854,-2.6501524448,-3.2297091484
6.6085987091,-2.6670620441,-2.9816870689
6.1811809540,-2.6407942772,-3.2486817837
6.1326613426,-2.6108331680,-3.2977344990
6.6085987091,-2.6670620441,-2.9816870689
6.6085987091,-2.6670620441,-2.9816870689
6.6085987091,-2.6670620441,-2.9816870689
6.6085987091,-2.6670620441,-2.9816870689
6.6085987091,-2.6670620441,-2.9816870689
6.6085987091,-2.6670620441,-2.9816870689
6.6085987091,-2.6670620441,-2.9816870689
6.0143985748,-2.5503404140,-3.4660897255
6.6085987091,-2.6670620441,-2.9816870689
6.6085987091,-2.6670620441,-2.9816870689
5.8819847107,-2.4504034519,-3.6336770058
5.8819847107,-2.4504034519,-3.6336770058
5.9142351151,-2.4584393501,-3.6198797226
5.8819847107,-2.4504034519,-3.6336770058
5.9114332199,-2.4510664940,-3.6145501137
5.9122414589,-2.4535303116,-3.6162226200
5.9126625061,-2.4546573162,-3.6170322895
5.9128603935,-2.4555273056,-3.6175572872
5.8819847107,-2.4504034519,-3.6336770058
5.9116754532,-2.4523971081,-3.6152930260
5.9118561745,-2.4529857635,-3.6156847477
5.8819847107,-2.4504034519,-3.6336770058
5.8819847107,-2.4504034519,-3.6336770058
5.8819847107,-2.4504034519,-3.6336770058
5.8819847107,-2.4504034519,-3.6336770058
5.9123539925,-2.4545507431,-3.6167447567
6.1927514076,-3.0780413151,-4.1024413109
6.1925530434,-3.0769450665,-4.1014614105
6.2440824509,-3.2228455544,-4.2098588943
6.8357462883,-4.7000885010,-5.5778579712
6.2373142242,-3.2000911236,-4.1919865608
6.2373142242,-3.2000911236,-4.1919865608
6.2373142242,-3.2000911236,-4.1919865608
6.2373142242,-3.2000911236,-4.1919865608
6.2373142242,-3.2000911236,-4.1919865608
5.3577241898,-2.3083164692,-3.4992697239
6.3825154305,-3.9496364594,-4.9201817513
6.3714556694,-3.9039690495,-4.8785204887
6.3713507652,-3.9038095474,-4.8783903122
6.3713212013,-3.9037644863,-4.8783535957
5.3400373459,-2.2857778072,-3.4832289219
6.3737182617,-3.9105534554,-4.8842449188
6.3737282753,-3.9105417728,-4.8842325211
6.3730945587,-3.9095449448,-4.8832883835
6.3685564995,-3.8843784332,-4.8581123352
6.3685746193,-3.8844130039,-4.8581285477
5.9619903564,-3.2803866863,-4.2346305847
5.9619703293,-3.2803680897,-4.2345876694
5.7142324448,-2.7975134850,-3.9463007450
5.7341871262,-2.8364331722,-3.9806642532
6.1125879288,-3.5196785927,-4.4812421799
6.1128749847,-3.5237810612,-4.4843878746
5.8356566429,-3.0434653759,-4.0718941689
5.7694773674,-2.9334888458,-4.0105967522
6.1127600670,-3.5221312046,-4.4831190109
6.1517047882,-4.0285406113,-4.8594708443
6.1662521362,-4.0740947723,-4.8917708397
6.1662311554,-4.0741252899,-4.8917946815
6.1495513916,-4.0227084160,-4.8549942970
6.1486825943,-4.0202846527,-4.8534841537
6.1517047882,-4.0285406113,-4.8594708443
6.1517047882,-4.0285406113,-4.8594708443
6.1517047882,-4.0285406113,-4.8594708443
6.1517047882,-4.0285406113,-4.8594708443
6.1661939621,-4.0743818283,-4.8923130035
6.1661705971,-4.0744171143,-4.8923430443
6.1517047882,-4.0285406113,-4.8594708443
6.1517047882,-4.0285406113,-4.8594708443
6.1517047882,-4.0285406113,-4.8594708443
6.1517047882,-4.0285406113,-4.8594708443
6.1665711403,-4.0709757805,-4.8901948929
6.1517047882,-4.0285406113,-4.8594708443
6.1481585503,-4.0185317993,-4.8522257805
6.1517047882,-4.0285406113,-4.8594708443
6.1667051315,-4.0704855919,-4.8893580437
6.1666684151,-4.0704956055,-4.8892931938
6.1495127678,-4.0229158401,-4.8553447723
6.1494970322,-4.0228891373,-4.8552517891
6.1494870186,-4.0229330063,-4.8553209305
6.1517047882,-4.0285406113,-4.8594708443
6.1517047882,-4.0285406113,-4.8594708443
6.1517047882,-4.0285406113,-4.8594708443
6.1517047882,-4.0285406113,-4.8594708443
6.1665325165,-4.0712122917,-4.8906621933
6.1517047882,-4.0285406113,-4.8594708443
6.1665668488,-4.0711426735,-4.8905806541
6.1666073799,-4.0710635185,-4.8904924393
6.1666340828,-4.0710096359,-4.8904290199
6.1517047882,-4.0285406113,-4.8594708443
6.1517047882,-4.0285406113,-4.8594708443
6.0315036774,-4.9348011017,-6.3374800682
6.0108232498,-5.1473116875,-6.6403045654
6.0722122192,-4.5204262733,-5.7264933586
6.0537509918,-4.6553311348,-5.9542980194
6.0538187027,-4.6538639069,-5.9523434639
6.0722122192,-4.5204262733,-5.7264933586
6.0722122192,-4.5204262733,-5.7264933586
6.0722122192,-4.5204262733,-5.7264933586
6.0722122192,-4.5204262733,-5.7264933586
6.0722122192,-4.5204262733,-5.7264933586
6.0722122192,-4.5204262733,-5.7264933586
6.0402531624,-5.0939621925,-6.5435514450
6.0402531624,-5.0939493179,-6.5435433388
6.0402531624,-5.0939645767,-6.5435523987
6.0543246269,-5.0740122795,-6.5076704025
6.0542941093,-5.0738039017,-6.5075182915
6.0542716980,-5.0736460686,-6.5074038506
6.0542449951,-5.0734629631,-6.5072693825
6.0417032242,-4.9425430298,-6.3287248611
6.0402431488,-5.0939707756,-6.5435452461
6.0402412415,-5.0939650536,-6.5435395241
6.0402393341,-5.0939607620,-6.5435352325
6.0543398857,-5.0741496086,-6.5077657700
6.0542616844,-5.0735926628,-6.5073618889
6.0541787148,-5.0730662346,-6.5069689751
6.0541176796,-5.0727114677,-6.5066990852
6.0401778221,-5.0938239098,-6.5433964729
6.0535812378,-4.7085433006,-6.0156955719
