-0.4966083713,0.3088439505,2.4827165604
-0.0091200301,-0.1872615247,-0.5729960799
-0.0091200301,-0.1872615247,-0.5729960799
-0.2398439012,0.4809758629,2.4342765808
-0.2248673453,0.4675595621,2.3404974937
-0.2819545140,0.6973321473,3.3237569332
-0.2044805353,0.5976211963,2.7235870361
-0.1200013500,0.3747769841,1.6818809509
-0.0506174747,0.2051015744,0.8814324141
-0.0509720456,0.2161511399,0.9214684963
-0.0583945640,0.4474859244,1.7596689463
-0.0598495153,0.4930293874,1.9247162342
0.1151541885,0.3563664609,1.2543959618
0.1342276394,0.3899653596,1.3940808773
0.1337951495,0.3883075344,1.3886950016
0.1419184172,0.3911473363,1.4180303812
-0.0349905138,-0.3005033315,-0.9508023262
-0.0349690505,-0.3004379091,-0.9505783319
-0.0345872739,-0.3009309113,-0.9530185461
-0.0349449531,-0.3003477253,-0.9502857924
-0.0349449531,-0.3003477253,-0.9502857924
-0.0345872739,-0.3009309113,-0.9530185461
-0.0584431593,-0.4671341529,-1.6969593763
-0.0208521533,-0.3821569394,-1.4530546665
-0.0345872739,-0.3009309113,-0.9530185461
-0.0345872739,-0.3009309113,-0.9530185461
-0.0345872739,-0.3009309113,-0.9530185461
-0.0419754584,-0.4365525261,-1.6499030590
-0.0174400077,-0.3767670107,-1.4560379982
0.2370336811,0.1272825816,-0.8672069311
0.2370336811,0.1272825816,-0.8672069311
0.0741975248,-0.2067747358,-0.6568828225
0.0728099241,-0.2075217044,-0.6569041014
0.0728099241,-0.2075217044,-0.6569041014
0.1434229859,-0.0435349760,-0.7612462044
0.1421781366,-0.0459016902,-0.7596408129
0.1342957461,-0.0488292340,-0.7524325848
0.1347034088,-0.0401355113,-0.7562999725
0.1346052014,-0.0377726905,-0.7570215464
0.1279669990,-0.0491686188,-0.7488598824
0.1292189027,-0.0338372865,-0.7563953996
0.1294932470,-0.0317206191,-0.7567159534
-0.0169372484,-0.2304381155,-0.7254495025
-0.0169372484,-0.2304381155,-0.7254495025
-3.9936022085,0.4243154204,-4.7091355324
-3.9936022085,0.4243154204,-4.7091355324
1.0941544409,0.3147591553,-0.1944081187
1.1420941841,0.4568424404,-0.2227842808
1.0432755661,0.1097474011,0.0777079985
1.0135450106,0.1139972364,0.0659617409
1.0098199879,0.1182329104,0.0696064979
1.0098199879,0.1182329104,0.0696064979
1.0554216135,0.0842558070,0.1400372088
1.0554216135,0.0842558070,0.1400372088
1.0195064716,0.1028386475,0.0936930254
0.9991589847,0.1224535380,0.0592504777
0.9991589847,0.1224535380,0.0592504777
1.0127743555,0.1077597136,0.0948290825
1.0339183757,0.0941959726,0.1255399585
0.9957954976,0.1086818866,0.0950173587
0.9146948879,0.1374837363,0.0120697599
0.9146948879,0.1374837363,0.0120697599
0.9164615574,0.1299484277,0.0215646178
0.9164615574,0.1299484277,0.0215646178
0.9093423646,0.1355225170,0.0136797074
1.0551026673,-0.4681608080,0.7266948223
0.9766538320,0.1118294133,0.0966761559
0.9330884470,0.1258778430,0.0472244658
0.9117898743,0.1212539122,0.0368039310
0.9599285295,0.1047935870,0.0946509987
0.9703370731,0.1093508835,0.0990969762
0.9114858690,0.1418217007,0.0211716350
0.9837391387,0.1189478474,0.1248442605
-1.7361032901,0.0953961042,-2.1545264721
-1.7361032901,0.0953961042,-2.1545264721
-1.7361032901,0.0953961042,-2.1545264721
-1.7361032901,0.0953961042,-2.1545264721
-1.7361032901,0.0953961042,-2.1545264721
-1.7361032901,0.0953961042,-2.1545264721
-1.7361032901,0.0953961042,-2.1545264721
-1.0216926708,0.1487727697,-1.5603542328
-1.7361032901,0.0953961042,-2.1545264721
0.8930171200,-0.2953423551,0.7866210938
0.8930171200,-0.2953423551,0.7866210938
0.8747294128,-0.2811361908,0.7585700750
0.8907740647,-0.2918075832,0.7892025709
0.7291094592,0.3956582608,-0.4732052684
0.4667248965,-0.2169767703,-0.0177783184
0.5827434431,0.0921119796,-0.2471833676
0.5911201924,0.1201683148,-0.2681167424
0.4773161888,-0.1870813785,-0.0283842161
0.4761956621,-0.1843734962,-0.0290864911
0.4761956621,-0.1843734962,-0.0290864911
0.4757593158,-0.1843068620,-0.0294103250
0.4757593158,-0.1843068620,-0.0294103250
0.5813987479,0.0978781321,-0.2442938387
0.5882523312,0.1234335365,-0.2652547956
0.5882523312,0.1234335365,-0.2652547956
0.5804353763,0.1117812183,-0.2582361102
0.5889999320,0.1266558316,-0.2660329342
0.5790487239,0.1052069211,-0.2439044416
0.5806666571,0.1154536629,-0.2532907724
0.5803130872,0.1156930149,-0.2452432662
0.5803130872,0.1156930149,-0.2452432662
0.5764560394,0.1243261857,-0.2549637556
0.5663417020,0.1160779420,-0.2540271878
0.5777615170,0.1322717728,-0.2521416545
0.5777615170,0.1322717728,-0.2521416545
0.5780594531,0.1384766739,-0.2583235502
0.5734497469,0.1366769403,-0.2571837604
0.5651645826,0.1183818574,-0.2411538661
0.5697470830,0.1290255803,-0.2485412955
0.5627104981,0.1127489311,-0.2339969575
0.5627391369,0.1163603470,-0.2372673303
0.5669400186,0.1418001215,-0.2575601935
0.5647881059,0.1444974145,-0.2543011010
0.5626709011,0.1444764253,-0.2556290925
0.6372118595,0.3774335632,-0.4254358709
0.6337442803,0.3733777614,-0.4217875898
0.6345121115,0.3761103102,-0.4221126437
-1.9253895072,0.1586536347,-1.8195122480
-1.9253895072,0.1586536347,-1.8195122480
-1.9253895072,0.1586536347,-1.8195122480
-1.9253895072,0.1586536347,-1.8195122480
-1.9253895072,0.1586536347,-1.8195122480
-1.9253895072,0.1586536347,-1.8195122480
-1.9253895072,0.1586536347,-1.8195122480
-1.9253895072,0.1586536347,-1.8195122480
-1.9253895072,0.1586536347,-1.8195122480
-1.9253895072,0.1586536347,-1.8195122480
-1.9253895072,0.1586536347,-1.8195122480
-1.9253895072,0.1586536347,-1.8195122480
-1.9253895072,0.1586536347,-1.8195122480
-1.9253895072,0.1586536347,-1.8195122480
-1.9253895072,0.1586536347,-1.8195122480
-1.9253895072,0.1586536347,-1.8195122480
-1.9253895072,0.1586536347,-1.8195122480
-1.9253895072,0.1586536347,-1.8195122480
-1.9253895072,0.1586536347,-1.8195122480
-1.9253895072,0.1586536347,-1.8195122480
-1.9253895072,0.1586536347,-1.8195122480
-1.9253895072,0.1586536347,-1.8195122480
-1.9253895072,0.1586536347,-1.8195122480
-1.9253895072,0.1586536347,-1.8195122480
-1.9253895072,0.1586536347,-1.8195122480
-1.9253895072,0.1586536347,-1.8195122480
-1.9253895072,0.1586536347,-1.8195122480
-1.9253895072,0.1586536347,-1.8195122480
-1.9253895072,0.1586536347,-1.8195122480
-1.9253895072,0.1586536347,-1.8195122480
-1.9253895072,0.1586536347,-1.8195122480
-1.9253895072,0.1586536347,-1.8195122480
-1.9253895072,0.1586536347,-1.8195122480
-1.9253895072,0.1586536347,-1.8195122480
-1.9253895072,0.1586536347,-1.8195122480
-1.9253895072,0.1586536347,-1.8195122480
-1.9253895072,0.1586536347,-1.8195122480
-1.9253895072,0.1586536347,-1.8195122480
-1.9253895072,0.1586536347,-1.8195122480
-1.9253895072,0.1586536347,-1.8195122480
-1.9253895072,0.1586536347,-1.8195122480
-1.9253895072,0.1586536347,-1.8195122480
-1.9253895072,0.1586536347,-1.8195122480
-1.9253895072,0.1586536347,-1.8195122480
-1.9253895072,0.1586536347,-1.8195122480
-1.9253895072,0.1586536347,-1.8195122480
-1.9253895072,0.1586536347,-1.8195122480
0.1355171117,0.3885456957,-0.9847073555
0.1449027513,0.3966260052,-0.9842941165
0.1424464856,0.4015206346,-0.9908041358
-0.2501685515,-0.0632295135,-0.6932400465
0.1938584287,0.2028023370,-0.6954765320
0.1938584287,0.2028023370,-0.6954765320
0.2335369691,0.1952604315,-0.6418125629
0.2203878748,0.2076928608,-0.6604414582
0.1851144331,0.1887311056,-0.6554026604
0.2346129953,0.2061509914,-0.6442413330
0.2051430166,0.1839338874,-0.6358407140
0.2084750984,0.2183166601,-0.6502612829
0.2136805476,0.2257444337,-0.6544966102
0.2114878328,0.2230831803,-0.6511803269
0.2114878328,0.2230831803,-0.6511803269
0.2149970176,0.2025555195,-0.6233000159
0.2133674259,0.2203541175,-0.6426315308
0.1931567341,0.2030986633,-0.6227450967
0.2191868615,0.2318990991,-0.6356316209
0.2136627952,0.2359305769,-0.6413064003
0.2136627952,0.2359305769,-0.6413064003
0.2054511794,0.2080016073,-0.6106418967
0.4357740949,-0.2813574828,0.1072146967
0.1487438991,0.4697305463,-0.9070195556
0.1498588729,0.4702322413,-0.9027805328
0.0483134593,0.4931287275,-0.9828816652
0.0636457663,0.5035113508,-0.9822431803
0.0898298647,-0.1355505131,-0.1381664574
0.1754929514,-0.1661521211,-0.0402775221
0.1754929514,-0.1661521211,-0.0402775221
-0.1949415339,0.4661643645,-0.9463748336
-4.5765111623,-0.0896584851,-3.2307322025
-4.5765111623,-0.0896584851,-3.2307322025
-2.7697261743,0.0459242177,-2.3215589523
1.5013279794,0.5661059325,-0.3711369336
1.5013279794,0.5661059325,-0.3711369336
1.4766273973,0.5675089168,-0.3859152198
1.2435334298,0.5391966659,-0.4918231964
1.2213699405,0.5398307020,-0.5032120347
-0.2219561202,-0.0915075674,-0.6524125934
-0.2096258805,-0.0880454462,-0.6323007941
-0.4982621715,0.1777063916,-1.0940259695
-0.4367300697,0.1605861942,-1.0303882360
-0.4552191440,0.1624209624,-1.0432374477
-0.4328532340,0.1614397522,-1.0226131678
-0.4259594952,0.1654654821,-1.0221632719
-0.4259594952,0.1654654821,-1.0221632719
-0.4743203170,0.1728357332,-1.0595449209
-0.4416085779,0.1777148736,-1.0386416912
-0.4265573904,0.1706570045,-1.0211000443
-0.4557663787,0.1773571733,-1.0408488512
-0.4772100420,0.1825574833,-1.0582209826
-0.4817550527,0.1882762838,-1.0601261854
-0.4817550527,0.1882762838,-1.0601261854
-0.4928480716,0.1925239169,-1.0715858936
-0.4882428436,0.1910443202,-1.0657792091
-0.4523233605,0.1787178422,-1.0266041756
-0.4683743345,0.1863001234,-1.0449348688
-0.4863782038,0.1894458378,-1.0594596863
-0.4366084655,0.1750548806,-1.0098910332
-0.4366084655,0.1750548806,-1.0098910332
-0.4452351351,0.1773477008,-1.0179561377
-0.4911597110,0.1942403052,-1.0636981726
-0.4287290806,0.1802951142,-1.0029567480
-0.4326991872,0.1854599998,-1.0031709671
-1.4346801985,0.2115868312,-1.7191377878
-1.4346680602,0.2116026784,-1.7191159725
-1.5851763528,-0.0226635406,-1.5355125666
-1.5855706787,-0.0213367578,-1.5364544392
-1.5860451679,-0.0162456713,-1.5406033993
-1.5860451679,-0.0162456713,-1.5406033993
-1.5859969519,-0.0161949265,-1.5404295921
-1.4299049605,0.2172793531,-1.7098057270
-1.5068327793,0.1093328025,-1.6241527796
-1.5086009660,0.1102149782,-1.6224999428
-1.5046720789,0.1160618841,-1.6261245012
-1.4997383267,0.1230255971,-1.6307251453
-1.5063537803,0.1175172569,-1.6254369020
-1.5098158489,0.1129740374,-1.6223260164
-1.5068738303,0.1211009613,-1.6257299185
-1.5065610164,0.1245427572,-1.6252028942
-1.5065610164,0.1245427572,-1.6252028942
-1.5053771957,0.1273451855,-1.6275322437
-1.5056624034,0.1262730118,-1.6258292198
-1.5143658541,0.1167697826,-1.6176362038
-1.5143658541,0.1167697826,-1.6176362038
-1.5078636069,0.1281263352,-1.6251143217
-1.5117525809,0.1231814983,-1.6210675240
-1.5189985514,0.1196997472,-1.6157033443
-1.5188171092,0.1202099348,-1.6158463955
-1.6805608244,-0.0015984614,-1.4897137880
-1.5492509692,0.0265377632,-1.3979125023
-1.8616629665,-0.3015481413,-2.5441300869
-1.8637503313,-0.3038469147,-2.5516211987
-1.5589223222,0.0620923388,-1.7637376785
-1.5835858993,0.0333032596,-1.8028309345
-1.5835858993,0.0333032596,-1.8028309345
-1.5884507415,0.0284795528,-1.8107599020
-1.5641427995,0.0594669273,-1.7705575228
-1.5730154697,0.0488623588,-1.7830287218
-1.5618704100,0.0626985791,-1.7656717300
-1.5805477859,0.0396492263,-1.7950009108
-1.5651369593,0.0621953457,-1.7669658661
-2.1620478548,-0.7023042321,-4.1398863792
-1.4487125280,0.2519632170,-1.7120084763
-1.8631499916,-0.3027897032,-2.5497038364
-1.8631550492,-0.3027956038,-2.5497283936
-1.8637503313,-0.3038469147,-2.5516211987
-1.8637503313,-0.3038469147,-2.5516211987
-1.8637503313,-0.3038469147,-2.5516211987
-1.8637503313,-0.3038469147,-2.5516211987
-1.8637503313,-0.3038469147,-2.5516211987
-2.1111605928,-0.5155087251,-3.4960181713
-2.1112498599,-0.5154818355,-3.4962723255
-2.1112498599,-0.5154818355,-3.4962723255
-2.1135990409,-0.5160851254,-3.5023193359
-1.8945087220,-0.4838504149,-2.8656525612
-2.1112384802,-0.5154844486,-3.4962227345
-2.1058629869,-0.5140181597,-3.4811515808
-2.1112694160,-0.5154799810,-3.4962847233
-2.1131947683,-0.5161684076,-3.5015039444
-2.1067087898,-0.5139864653,-3.4826273918
-2.1113569129,-0.5154681799,-3.4964623451
-2.1113569129,-0.5154681799,-3.4964623451
-2.1113503380,-0.5154700343,-3.4964258671
-2.1113650894,-0.5154702872,-3.4964363575
-2.1114014199,-0.5154656511,-3.4965007305
-2.1152871065,-0.5186137678,-3.5108106136
-2.1152871065,-0.5186137678,-3.5108106136
-2.1114193745,-0.5154842800,-3.4964694977
-2.1114289840,-0.5154900119,-3.4964761734
-2.1114318500,-0.5154922036,-3.4964780807
-2.1114295740,-0.5154890847,-3.4964783192
-2.1114295740,-0.5154890847,-3.4964783192
-2.1114312599,-0.5154879046,-3.4964828491
-2.1114423024,-0.5154920350,-3.4964954853
-2.0447012505,-0.4553565744,-2.9343087673
-2.1114489616,-0.5154919507,-3.4965066910
-2.1131644226,-0.5171728513,-3.5120615959
-2.1131644226,-0.5171728513,-3.5120615959
-2.1114557894,-0.5154915292,-3.4965186119
-2.1114733225,-0.5154957439,-3.4965438843
-2.1114774529,-0.5154981884,-3.4965488911
-2.1114774529,-0.5154981884,-3.4965488911
-2.1124443016,-0.5171908059,-3.5108010769
-2.1072504611,-0.5082828166,-3.4447224140
-2.1114845335,-0.5154998743,-3.4965598583
-2.1102477764,-0.5135489810,-3.4888756275
-2.1114876524,-0.5155021502,-3.4965636730
-2.1114877367,-0.5155022345,-3.4965639114
-2.1114642187,-0.5154669155,-3.4965772629
-2.1114677591,-0.5154721417,-3.4965691566
-2.1114749240,-0.5154818355,-3.4965627193
-2.1114749240,-0.5154818355,-3.4965627193
-2.1114749240,-0.5154818355,-3.4965627193
-2.1114749240,-0.5154818355,-3.4965627193
-2.0626944987,-0.4190682221,-3.0826847553
-2.1114788858,-0.5154719731,-3.4965867996
-2.1114906027,-0.5154892533,-3.4965794086
-2.1114906027,-0.5154892533,-3.4965794086
-2.1114796445,-0.5154568845,-3.4966361523
-2.1114812461,-0.5154566316,-3.4966392517
-2.1118770050,-0.5162907178,-3.4992086887
-2.1128973802,-0.5188907569,-3.5064568520
-0.9735200031,-0.6685164945,-1.7628861666
-0.9996006520,-0.6740557600,-1.8208193779
-1.6303441188,-0.5771225286,-2.6225662231
-1.6303441188,-0.5771225286,-2.6225662231
-1.6303441188,-0.5771225286,-2.6225662231
-1.6303441188,-0.5771225286,-2.6225662231
-1.6303441188,-0.5771225286,-2.6225662231
-1.6303441188,-0.5771225286,-2.6225662231
-1.6303441188,-0.5771225286,-2.6225662231
-1.6303441188,-0.5771225286,-2.6225662231
-1.6303441188,-0.5771225286,-2.6225662231
-1.2613544660,-0.6259313398,-2.0766088963
-1.2592659843,-0.6263666536,-2.0745012760
-1.2283022542,-0.6328558774,-2.0432369709
-1.2549653831,-0.7108162307,-2.2328021526
-1.2549653831,-0.7108162307,-2.2328021526
-0.6949359383,-0.6289810357,-1.3180919886
-9.7995387963,-1.6349470604,-8.1712427139
-9.8395101931,-1.6966635337,-8.0152978897
-9.9362176543,-1.6924026559,-8.0786876678
-1.7320165631,-0.3462039074,-2.6596252918
-1.5441930102,-0.3800242246,-2.4639506340
-1.4654662375,-0.4035580132,-2.3876056671
-3.5055725543,0.5774414960,-4.2484364510
-3.7660908229,-0.0333521499,-3.8746323586
-3.7830572896,-0.0840017037,-3.8449351788
-3.7716457775,-0.0425738804,-3.8549511433
-3.7740368525,-0.0423606173,-3.8530836105
-3.7740368525,-0.0423606173,-3.8530836105
-3.7669251619,-0.0243983048,-3.8593127728
-3.7757937017,-0.0489367058,-3.8482372761
-3.7711803077,-0.0325667013,-3.8513407707
-3.7684345248,-0.0220392614,-3.8562266827
-3.7730472445,-0.0390525955,-3.8461329937
-3.7778467590,-0.0531746557,-3.8402202129
-3.7624985627,-0.0018762091,-3.8617155552
-3.9580302684,-0.3255087090,-3.5409290791
-3.9608038682,-0.3324848554,-3.5373051167
-3.9620323645,-0.3355303866,-3.5307643414
-3.9634555793,-0.3318953053,-3.5326457024
-3.9702260491,-0.3410614019,-3.5315895081
-3.9654621065,-0.3320520915,-3.5295715332
-3.9832775793,-0.3535963804,-3.5065312386
-3.9457163079,0.3581947701,-3.8399350643
-4.1012427308,-0.4421379740,-3.3749175072
-4.0327738267,-0.0233835773,-3.5514762402
-4.0315485335,-0.0231040594,-3.5455760956
-4.0415884186,0.0127155356,-3.5614218712
-4.1054687110,-0.0294318187,-3.4890043736
-4.1909470717,-0.1684410602,-3.3916220665
-4.1953072474,-0.1693448572,-3.3848507404
-4.1984026806,-0.1715933073,-3.3814260960
-1.8895536856,0.7160413652,-0.5817381740
-1.8895536856,0.7160413652,-0.5817381740
-1.9400888528,0.7123679301,-0.7141392231
-1.7508587332,0.7786148945,-0.3616389334
-1.7578747926,0.7759765440,-0.3806467950
-2.1276293896,0.6956743642,-1.1499515772
-2.1276066303,0.6956789161,-1.1499035358
-2.1275700468,0.6956863339,-1.1498261690
-2.1273076406,0.6957398604,-1.1492704153
-2.1270046890,0.6958024064,-1.1486291885
-2.1265930829,0.6958968996,-1.1477341652
-2.1265384606,0.6959174673,-1.1475957632
-2.1264838383,0.6959304485,-1.1474758387
-2.1264727115,0.6959350003,-1.1474473476
-2.1264694240,0.6959359276,-1.1474399567
-2.1072925237,0.6987451836,-1.1171796322
-2.1073683880,0.6987579963,-1.1173628569
-2.1074038756,0.6987609465,-1.1174461842
-2.1074227153,0.6987672264,-1.1174927950
-2.1264184264,0.6959586026,-1.1473072767
-1.9445901784,0.7618543573,-0.9259176850
-2.7271510295,0.6181505469,-3.5157999992
-2.7303093457,0.6329757852,-3.5042388439
-2.7303093457,0.6329757852,-3.5042388439
-2.7418289223,0.6363579855,-3.5037069321
-1.5558175325,0.8178272266,0.2403602302
-1.5558175325,0.8178272266,0.2403602302
-2.7608900875,0.6433587456,-3.5016224384
-2.7896214255,0.4324751346,-3.3782248497
-2.7915236814,0.4259441432,-3.3662300110
-2.7910088998,0.4289850384,-3.3627173901
-2.7957220132,0.4351080482,-3.3773610592
-2.7957220132,0.4351080482,-3.3773610592
-2.7978683836,0.4371534348,-3.3623957634
-2.8079132421,0.4256145549,-3.3537402153
-2.7966113960,0.4090549738,-3.2923231125
-2.8307631560,0.4205057668,-3.3691117764
-2.8355329148,0.4232381470,-3.3633842468
-2.8749737671,0.4057733359,-3.4326212406
-2.8317268858,0.4123851649,-3.2391958237
-2.8317268858,0.4123851649,-3.2391958237
-2.8301304475,0.4088110279,-3.2107810974
-2.9196303761,0.6641252565,-3.4888896942
-2.9406525498,0.6509929728,-3.4764056206
-2.9406525498,0.6509929728,-3.4764056206
-2.9676802279,0.6227946238,-3.5015552044
-2.9285282502,0.5377981703,-2.9634392262
-2.3428404704,0.5023941432,-1.4181394577
-3.1179173899,0.6447887039,-5.4917674065
-3.1179173899,0.6447887039,-5.4917674065
-3.1305710539,0.6439597596,-5.4928774834
-3.1851430463,0.6353163682,-5.5110988617
-2.7987199186,0.4463132937,-3.4169306755
-3.5024975202,0.7745376927,-5.5478663445
-3.5443560000,0.7276687956,-5.3907346725
-4.1473218803,-0.4029567463,-5.2927293777
-4.1473218803,-0.4029567463,-5.2927293777
-4.1856428065,-0.3484588481,-5.2699460983
-4.2002240988,-0.3811504726,-5.0750999451
-4.2002240988,-0.3811504726,-5.0750999451
-4.2919831828,-0.4340120616,-5.2229924202
-4.4160537267,-0.4795188568,-5.3077135086
-4.4160537267,-0.4795188568,-5.3077135086
-4.4633342300,-0.7080770016,-4.9868583679
-1.4564784221,0.9846060151,-1.6500121355
-1.3738122677,1.0019123540,-1.4557815790
-1.3738122677,1.0019123540,-1.4557815790
-1.3751528326,1.0014401828,-1.4576846361
-1.3753135174,1.0013836850,-1.4579124451
-1.3753135174,1.0013836850,-1.4579124451
-1.9717724512,0.7766328125,-2.2887217999
-2.0012435928,0.7580229137,-2.3203105927
-1.3597134093,1.0068525336,-1.4358073473
-1.3597134093,1.0068525336,-1.4358073473
-1.3573786847,1.0076529444,-1.4325484037
-1.7686795587,0.8295640702,-1.9719761610
-1.7566221461,0.8317157933,-1.9524352551
-1.4511447384,1.0542153286,-1.6317672729
-1.3559962048,1.1523633691,-1.5471044779
-1.4190460989,1.0534591509,-1.5992745161
-1.4195463820,1.0491664944,-1.5994850397
-1.4535297442,1.0040757517,-1.6292048693
-1.4336432806,1.0105800852,-1.6080646515
-1.4351730637,1.0100095644,-1.6098643541
-1.4365722337,1.0078079184,-1.6109385490
-1.5311707298,0.9719693783,-1.7349523306
-1.5323555831,0.9707841879,-1.7361861467
-1.5336133926,0.9695277271,-1.7374933958
-1.5354922359,0.9676362398,-1.7394672632
-0.4981376065,1.8252753584,-0.7536198497
-1.3690290219,1.1125848363,-1.5608994961
-1.3767458464,1.0980319615,-1.5668575764
-0.6057819641,2.2960899216,-0.9096251130
-0.6057819641,2.2960899216,-0.9096251130
-1.7811803561,0.3382806371,-1.8781656027
-1.7811803561,0.3382806371,-1.8781656027
-1.7811803561,0.3382806371,-1.8781656027
-1.7811803561,0.3382806371,-1.8781656027
-1.7811803561,0.3382806371,-1.8781656027
-1.7811803561,0.3382806371,-1.8781656027
-2.0424621570,0.1323888989,-2.1448998451
-1.7811803561,0.3382806371,-1.8781656027
-1.7811803561,0.3382806371,-1.8781656027
-1.7811803561,0.3382806371,-1.8781656027
-5.1204413326,-5.1197673787,-5.1677532196
-4.2526548626,-3.6346996242,-4.2954545021
-4.2526548626,-3.6346996242,-4.2954545021
-4.1779220517,-3.5067957822,-4.2203073502
-1.9651108046,0.1685496305,-2.1156878471
-2.3245823713,-0.3377634110,-2.3594810963
-2.3247678175,-0.3380707458,-2.3596394062
-1.8495348737,0.1943381070,-2.0439722538
-1.8495348737,0.1943381070,-2.0439722538
-2.3249946518,-0.3384454313,-2.3598301411
-2.3251302804,-0.3386699054,-2.3599388599
-2.4647257846,-0.7275156339,-2.5343894958
-1.7937710106,0.5728928816,-1.8246282339
-1.7937710106,0.5728928816,-1.8246282339
-5.3380939253,-7.7680923925,-7.3776750565
-4.5965975916,-6.1130406953,-6.3062896729
-4.5872141016,-6.0877174357,-6.2909979820
-4.1128286466,-4.8324488271,-5.5480685234
-3.5774526662,-3.4865837026,-4.7191019058
-7.1830492910,-11.0176282369,-10.7515811920
-7.1758453830,-10.9228947655,-10.7143850327
-7.0681976115,-10.6441914805,-10.5330562592
-7.0681976115,-10.6441914805,-10.5330562592
-4.7899554472,-6.7645916081,-4.5073590279
-1.9940668696,-9.6651405886,-5.9930291176
-1.9317630379,-9.5871878007,-6.0235290527
-4.7585167642,-7.8517474805,-6.3186397552
-2.3634526396,-8.8543019839,-6.5810928345
-2.3505985251,-8.8975409415,-6.6571569443
-2.3924007810,-8.8687725143,-6.6562914848
-2.3620348196,-8.8945697573,-6.6838502884
-2.3758249312,-8.9012852676,-6.6933135986
-2.4214858154,-8.8948796209,-6.7464609146
-2.4267261859,-8.9123324623,-6.7647290230
-2.4020470145,-8.9022327287,-6.7611942291
-2.3990559370,-8.9356909201,-6.7982058525
-2.3532962606,-8.9758642846,-6.8117842674
-2.3532962606,-8.9758642846,-6.8117842674
-2.4303777889,-8.9131329153,-6.8012475967
-2.3643387349,-8.9817574255,-6.8539290428
-2.4098681209,-8.9540713293,-6.8705725670
-2.3837677577,-8.9992895030,-6.9042353630
-2.4616753642,-8.9666482861,-6.9343881607
-2.4441945374,-8.9738601176,-6.9681000710
-2.4726429858,-9.0007703747,-6.9922604561
-2.4728864260,-8.9955772086,-6.9904150963
-2.4922955555,-8.9542908301,-6.9915094376
-2.5248996831,-8.9786382216,-7.0243673325
-2.4709183367,-9.0362259895,-7.0620651245
-2.5137213274,-8.9919191993,-7.0510730743
-2.4580858015,-9.0437311631,-7.0897231102
-2.4839548627,-8.9618465799,-7.0834121704
-4.9549832027,-7.2628257731,-6.5786309242
-4.9242665795,-7.2659048532,-6.5846934319
-4.9242665795,-7.2659048532,-6.5846934319
-4.9376599207,-7.2652877391,-6.5958662033
-4.9352939653,-7.2586308972,-6.5932383537
-4.7853408730,-7.2548970236,-6.6872277260
-4.9116478131,-7.0899565964,-6.7892928123
-4.9862405700,-6.9860525608,-6.8706374168
-5.3599357709,-8.3176026662,-7.6573152542
-3.4656434729,-7.8686259446,-7.2205195427
-5.0194263241,-6.9030027016,-6.9651756287
-5.0643277221,-6.8336129731,-7.0277075768
-5.0761286711,-6.8292635869,-7.0333251953
-5.1034126863,-6.7748329551,-7.0715970993
-5.1187428438,-6.7544451758,-7.0729608536
-5.0900589632,-6.7849727282,-7.0942606926
-5.1065132614,-6.7777866906,-7.1024260521
-4.5404224175,-7.1326752933,-7.3243336678
-4.5439863550,-7.1209584694,-7.3326063156
-5.1760967811,-6.6783267873,-7.2763638496
-5.2035609320,-6.6618842059,-7.2962684631
-5.1766171261,-6.6835896643,-7.3154411316
-5.1963746414,-6.6669719205,-7.3426423073
-5.1023199029,-6.8605404260,-7.4864697456
-5.2201737024,-6.6426940714,-7.4257178307
-2.8336159076,-12.1023330172,-6.6512084007
-3.5098162361,-11.2640986237,-6.7836389542
-4.0655406412,-10.4435288174,-6.9632873535
-1.4297414729,-11.5639444538,-7.3146595955
-2.3514812487,-11.2458433063,-7.3123402596
-2.4139314143,-11.2114541754,-7.3182926178
-2.3643164814,-11.2739114216,-7.3367943764
-2.3612626893,-11.2402118130,-7.3332576752
-2.3651796488,-11.2822774024,-7.3683700562
-2.3651796488,-11.2822774024,-7.3683700562
-2.4143336638,-11.2325893026,-7.3560590744
-2.4201340817,-11.2466444336,-7.3651385307
-2.3933674611,-11.2808315969,-7.3945546150
-2.4220843006,-11.2665350487,-7.4090104103
-2.4220843006,-11.2665350487,-7.4090104103
-2.3972891411,-11.2865585107,-7.4151234627
-2.3972891411,-11.2865585107,-7.4151234627
-2.4089816884,-11.2862907939,-7.4369716644
-2.3990373923,-11.3082371637,-7.4587426186
-2.4461798225,-11.2858622448,-7.4763765335
-2.4139533306,-11.3196707608,-7.4974689484
-2.4309894240,-11.3260103211,-7.5086674690
-2.4629094240,-11.3094884193,-7.5266361237
-2.4874992441,-11.3156502886,-7.5749158859
-2.4927423120,-11.3074926818,-7.5875015259
-4.3318315108,-10.0329311846,-7.2898631096
-2.4016518456,-11.4141781565,-7.6561102867
-2.4187590829,-11.4283917597,-7.6632957458
-2.4972253880,-11.3298824364,-7.6409983635
-2.5249691411,-11.3415706004,-7.6744232178
-2.5435653422,-11.3220532378,-7.6819238663
-2.4152973093,-11.4495606044,-7.7188463211
-2.5348989386,-11.3427837553,-7.7148361206
-2.4722235403,-11.3907043849,-7.7317152023
-2.4402158749,-11.4723252974,-7.7827739716
-2.4849515514,-11.4609618327,-7.8153610229
-2.4790213212,-11.4844939355,-7.8617801666
-2.5183308439,-11.4854026215,-7.8798937798
-2.5807884273,-11.5008998491,-7.9242801666
-2.6011352399,-11.4522087752,-7.9145641327
-2.5210022797,-11.5384715729,-7.9508709908
-2.5697405582,-11.4924320415,-7.9384741783
-2.5921576240,-11.4620967630,-7.9308037758
-5.4961848996,-8.8569142456,-7.2114877701
-2.6182903559,-11.4351291863,-7.9304547310
-5.5119812012,-8.8542825963,-7.2242836952
-2.5134202303,-11.5497881704,-7.9789810181
-2.5850405385,-11.5071959140,-7.9749937057
-2.5520715878,-11.5635931177,-7.9987583160
-2.5218738766,-11.5908358291,-8.0114831924
-2.5925659426,-11.4902876099,-7.9957976341
-2.5353908766,-11.5717406093,-8.0334281921
-2.6489891088,-11.4812253631,-8.0097579956
-2.6603313315,-11.4802209194,-8.0195531845
-2.6085706183,-11.5240445381,-8.0360269547
-2.5735806418,-11.6142462118,-8.0804214478
-2.6582927728,-11.4640061838,-8.0311889648
-2.6547059074,-11.5155999955,-8.0719003677
-2.6440795068,-11.5281563847,-8.0858936310
-2.6440795068,-11.5281563847,-8.0858936310
-2.6395876642,-11.5537405332,-8.1106424332
-2.6395876642,-11.5537405332,-8.1106424332
-2.2641809641,-12.1260640531,-8.3413228989
-2.6686150417,-11.5584710955,-8.1592826843
-2.6643379796,-11.5914349887,-8.1905927658
-2.7156151841,-11.5475661885,-8.1858816147
-2.7392875517,-11.5651195080,-8.2523651123
-2.7097051845,-11.5932830437,-8.2708063126
-2.7164146256,-11.6233216084,-8.2903585434
-2.7479586757,-11.5790593252,-8.2873535156
-2.7226880997,-11.6158113771,-8.3066101074
-2.7572252504,-11.5983420142,-8.3170814514
-2.7205075903,-11.6256835178,-8.3412218094
-1.7039957366,-11.6637249261,-8.3358469009
-5.4880947277,-8.5615808256,-7.4733343124
-5.4830902109,-8.5600562898,-7.4908113480
-5.4830902109,-8.5600562898,-7.4908113480
-5.4925565617,-8.5418652042,-7.4859662056
-5.5352118698,-8.5245721837,-7.5071282387
-5.5513107858,-8.4416614091,-7.5928840637
-5.5513107858,-8.4416614091,-7.5928840637
-5.6256128137,-8.2729275126,-7.7124052048
-5.6436891756,-8.2803011037,-7.7207651138
-5.6436891756,-8.2803011037,-7.7207651138
-5.6443074699,-8.2732913242,-7.7357449532
-5.6726532485,-8.2121492282,-7.7959990501
-5.7007094784,-8.1525415304,-7.8420934677
-5.6881908528,-8.1451290799,-7.8536591530
-5.7606741600,-8.0465956486,-7.9947896004
-5.8310939574,-8.0151033548,-8.3125162125
-6.5931622942,-7.7602443543,-8.4099540710
-3.9506871916,-1.5727459828,-5.6100196838
-4.7099597172,-6.1831987608,-7.4292044640
-4.7099597172,-6.1831987608,-7.4292044640
-4.6487184919,-6.0180358825,-7.4012222290
-4.6941523731,-6.1102441676,-7.4596776962
-4.7148236321,-6.1538161697,-7.5082745552
0.3810526920,9.5000223860,-2.2240719795
-1.8912484526,3.9863763842,-4.1254677773
-2.4139462499,-0.0416157982,-5.5161623955
-4.4688817035,-4.8498923751,-7.4245147705
-1.8715392796,1.2844265149,-5.0286355019
-4.5540759944,-5.2418604265,-7.6057596207
-4.5839442648,-5.3236489359,-7.6384325027
-4.4224025594,-4.7699120919,-7.4248428345
-4.4224025594,-4.7699120919,-7.4248428345
-3.3193866593,19.4190849242,1.5748548508
-3.3193866593,19.4190849242,1.5748548508
-1.7417605351,2.4524925353,-4.6184492111
-1.9246205906,2.0393798631,-4.7546010017
-1.7417605351,2.4524925353,-4.6184492111
-1.7417605351,2.4524925353,-4.6184492111
-1.7417605351,2.4524925353,-4.6184492111
-1.7417605351,2.4524925353,-4.6184492111
-1.8108139317,3.1610444477,-4.3907251358
-1.8108139317,3.1610444477,-4.3907251358
-1.9191775991,1.8167885109,-4.8400754929
-1.7417605351,2.4524925353,-4.6184492111
-1.7820656928,3.1223742505,-4.3950057030
-1.7820656928,3.1223742505,-4.3950057030
-1.7417605351,2.4524925353,-4.6184492111
-1.7417605351,2.4524925353,-4.6184492111
-1.7417605351,2.4524925353,-4.6184492111
-3.1475155200,0.9648118319,-5.8769140244
-1.9334666978,3.3571230087,-4.2378010750
-1.9876238809,3.4435417499,-4.1823568344
-2.0262151370,3.5043661429,-4.1425352097
-1.9334666978,3.3571230087,-4.2378010750
-1.9334666978,3.3571230087,-4.2378010750
-1.9334666978,3.3571230087,-4.2378010750
-1.9334666978,3.3571230087,-4.2378010750
-1.9316956030,3.4041008133,-4.2176942825
-1.9334666978,3.3571230087,-4.2378010750
-1.9728285669,3.4248363884,-4.1862263680
-1.9728285669,3.4248363884,-4.1862263680
-1.9334666978,3.3571230087,-4.2378010750
-1.9334666978,3.3571230087,-4.2378010750
-1.9334666978,3.3571230087,-4.2378010750
-1.9390916162,3.3929392320,-4.2169871330
-1.9334666978,3.3571230087,-4.2378010750
-1.9268369986,3.3985521807,-4.2206964493
-1.9402647316,3.3678000699,-4.2289352417
-1.9334666978,3.3571230087,-4.2378010750
-1.9139733589,3.4112694865,-4.2191500664
-1.9321436240,3.3901981696,-4.2207751274
-1.9334666978,3.3571230087,-4.2378010750
-1.9334666978,3.3571230087,-4.2378010750
-1.9334666978,3.3571230087,-4.2378010750
-1.9334666978,3.3571230087,-4.2378010750
-1.9334666978,3.3571230087,-4.2378010750
-1.9336811410,3.3547078257,-4.2393727303
-1.9334666978,3.3571230087,-4.2378010750
-1.9337076935,3.3547399416,-4.2393922806
-1.9334666978,3.3571230087,-4.2378010750
-1.9334666978,3.3571230087,-4.2378010750
-1.9572945872,3.3120709780,-4.2682118416
-1.9334666978,3.3571230087,-4.2378010750
-0.6995456366,2.4927352314,-5.7213749886
-0.7491335112,2.5557242865,-5.7057585716
0.1807371504,2.6678257156,-5.5504212379
0.2465746581,2.8389640898,-5.3312811852
0.2465746581,2.8389640898,-5.3312811852
0.2311802688,2.8018674452,-5.4384455681
0.2311802688,2.8018674452,-5.4384455681
-0.7539359760,2.6260254827,-5.7609877586
-0.8823494155,2.6117595332,-5.8562736511
0.2756481443,2.9643702673,-5.3107657433
0.2801258255,3.0021861057,-5.2801642418
0.1919096055,2.7900692779,-5.6901407242
0.2816243145,3.0051511365,-5.2921361923
0.2463080372,2.9136370943,-5.4817538261
0.2463080372,2.9136370943,-5.4817538261
0.2778598423,3.0189644289,-5.2857723236
-0.6585672673,3.0508567806,-5.1658301353
0.2413075665,2.9363857714,-5.5105500221
0.2413075665,2.9363857714,-5.5105500221
-2.5858409072,4.2518358651,-4.5993642807
-2.5671775240,4.2390435379,-4.6076321602
-2.5742927550,4.2465954102,-4.6029863358
-2.5904318791,4.2605747612,-4.5940041542
-2.5904318791,4.2605747612,-4.5940041542
-2.5608951148,4.2361655825,-4.6097316742
-2.5849863377,4.2502223151,-4.6023855209
-2.4607794908,4.0374007077,-4.7733139992
-2.5571976561,4.2339914795,-4.6155548096
-2.5578812779,4.2342087886,-4.6155180931
-2.5574142066,4.2340615275,-4.6155443192
-2.5577024910,4.2341529019,-4.6155285835
-2.5582712206,4.2376451055,-4.6123938560
-2.5983654333,4.2719080488,-4.5887293816
-2.5983729354,4.2719147080,-4.5887322426
-2.5983729354,4.2719147080,-4.5887322426
-4.0294785332,5.0425840786,-4.0533442497
-1.7352490578,3.9600437919,-4.6481871605
-1.7352490578,3.9600437919,-4.6481871605
-1.7352490578,3.9600437919,-4.6481871605
-1.5708299870,3.8968415580,-4.6614294052
-1.7396677334,3.9614171048,-4.6480274200
-1.7352490578,3.9600437919,-4.6481871605
-1.7399187600,3.9614641407,-4.6480231285
-1.7352490578,3.9600437919,-4.6481871605
-1.7400961139,3.9615295526,-4.6479940414
-1.7352490578,3.9600437919,-4.6481871605
-1.7352490578,3.9600437919,-4.6481871605
-1.7352490578,3.9600437919,-4.6481871605
-1.7352490578,3.9600437919,-4.6481871605
-1.7352490578,3.9600437919,-4.6481871605
-1.7352490578,3.9600437919,-4.6481871605
-1.7399126065,3.9614986168,-4.6479763985
-1.7407514131,3.9616895421,-4.6479535103
-1.7352490578,3.9600437919,-4.6481871605
-1.7352490578,3.9600437919,-4.6481871605
-1.7352490578,3.9600437919,-4.6481871605
-2.4032895036,4.1167477134,-4.6177930832
-2.4012227907,4.1160502674,-4.6180872917
-1.7352490578,3.9600437919,-4.6481871605
-1.1448361105,3.6560925216,-4.8151340485
-1.1450501322,3.6561715048,-4.8151030540
-1.7352490578,3.9600437919,-4.6481871605
-1.7352490578,3.9600437919,-4.6481871605
-1.7352490578,3.9600437919,-4.6481871605
-2.3500331673,4.1683309885,-4.5498914719
-1.7352490578,3.9600437919,-4.6481871605
-1.7352490578,3.9600437919,-4.6481871605
-1.7352490578,3.9600437919,-4.6481871605
-1.7563746598,3.9678477867,-4.6440234184
-2.6996356280,4.2136997949,-4.5732440948
-1.7967016917,3.9151781345,-4.7075858116
-1.7810629350,3.9057836863,-4.7095193863
-1.7810629350,3.9057836863,-4.7095193863
-2.6996356280,4.2136997949,-4.5732440948
-2.6996356280,4.2136997949,-4.5732440948
-2.6996356280,4.2136997949,-4.5732440948
-2.6996356280,4.2136997949,-4.5732440948
-2.2056252516,4.1329047078,-4.5235104561
-2.2056464094,4.1328936653,-4.5234899521
-2.6996356280,4.2136997949,-4.5732440948
-2.6235534015,4.1973442046,-4.5666332245
-2.6996356280,4.2136997949,-4.5732440948
-2.8904172996,4.2796504249,-4.4694108963
-2.8961199368,4.2771023950,-4.4790396690
-2.8970306459,4.2786092291,-4.4795660973
-2.8935844245,4.2799285519,-4.4827904701
-2.8959980481,4.2854237002,-4.4870257378
-2.8959980481,4.2854237002,-4.4870257378
-2.8904329361,4.2850896021,-4.4923753738
-2.8995827219,4.2964312769,-4.4923577309
-2.8952346001,4.3026898310,-4.5015358925
-2.9215445595,4.2910112343,-4.5287375450
-2.8932230153,4.3093463357,-4.5057301521
-2.8990267206,4.3335565813,-4.5172553062
-2.8996855602,4.3368635916,-4.5179977417
-2.8946952047,4.3471226403,-4.5133972168
-2.8852973847,4.3571907638,-4.4990706444
-2.8875555286,4.3558220870,-4.5037779808
-2.9036216543,4.3465271053,-4.5267539024
-2.8908855511,4.3578396566,-4.5086870193
-3.0951011513,4.1853731088,-4.8320288658
-3.0949838566,4.1854317351,-4.8320622444
-2.8928377931,4.3580379154,-4.5114159584
-2.8860904198,4.3631560601,-4.5018219948
-2.8938098680,4.3613580755,-4.5131511688
-2.8918380699,4.3648559268,-4.5100626945
-2.8934804482,4.3661881044,-4.5131607056
-2.9137077324,4.3910309742,-4.5405225754
-2.9357620824,4.4129314039,-4.5478410721
-3.0110311698,4.2205352130,-4.8598165512
-3.5392620054,3.9931330720,-4.6323299408
-2.8056177561,4.3285415278,-4.8582434654
-2.8056177561,4.3285415278,-4.8582434654
-2.7751776162,4.3396615523,-4.8787531853
-2.7762020375,4.3394672553,-4.8781833649
-1.8745415261,4.6976492128,-5.3476362228
-1.8770744674,4.6966086071,-5.3463020325
-1.8785648643,4.6959712625,-5.3455023766
-1.9504230493,4.6731194098,-5.2938818932
-1.9501878699,4.6732176962,-5.2940020561
-1.9501878699,4.6732176962,-5.2940020561
-1.7484615047,4.7339072193,-5.4454865456
-1.9910797539,4.6610139920,-5.2652835846
-2.5908825132,4.4293912655,-4.9208049774
-2.5909034180,4.4293629428,-4.9207782745
-2.5756512322,4.4283896035,-4.9307699203
-3.4529462712,4.0794130657,-4.7748527527
-4.6517877939,3.2910602682,-3.7325575352
-5.2567365149,3.3312644842,-3.9942488670
-5.2491065866,3.3510138230,-3.9539916515
-5.2523514725,3.3537504179,-3.9551124573
-5.2555621351,3.3550214826,-3.9567739964
-5.2528941553,3.3561323892,-3.9527351856
-5.2556471875,3.3572494493,-3.9548735619
-5.2564190648,3.3585903091,-3.9520769119
-5.3188125850,3.4032167410,-3.9618017673
-5.3216140860,3.4077980192,-3.9572715759
3.8582771073,6.9571868586,-8.8361940384
-5.3255951931,3.4135545200,-3.9523687363
-5.3329997200,3.4147749242,-3.9609081745
-5.3374849876,3.4182739555,-3.9563188553
-5.3369299979,3.4246856713,-3.9518170357
-5.0970588803,3.4914573218,-3.5937480927
-5.0937755565,3.4996890228,-3.5872254372
-5.1004529661,3.4977684752,-3.5925755501
-5.0900004633,3.5017006919,-3.5823280811
-5.0878029266,3.5036547884,-3.5784587860
-5.3460016856,3.4328975633,-3.9516921043
-5.0816528585,3.5067574708,-3.5738019943
-5.3506229189,3.4344392107,-3.9534163475
-5.0968622231,3.5048361645,-3.5879957676
-5.1045091788,3.5022164850,-3.5917718410
-5.4817912451,3.3958968450,-4.0271806717
-5.0916799309,3.5104041847,-3.5814664364
-5.0917224150,3.5104142999,-3.5814418793
-5.0917224150,3.5104142999,-3.5814418793
-5.1014179603,3.5078709062,-3.5876209736
-8.0049539722,2.5733769883,-1.7147965431
-3.2527496258,4.0061083586,-5.4571185112
-6.1751697862,3.1501380655,-2.9858107567
-5.5445063457,3.3500303685,-3.1910991669
7.7690382943,7.3213447756,-11.8197116852
-5.4174190146,3.4009512636,-3.2666666508
-5.4101495262,3.4115857564,-3.2721951008
-5.4246221639,3.4074832665,-3.2716069221
-5.4554915273,3.3982166918,-3.2601783276
-5.3894079662,3.4201087764,-3.2757985592
-5.5048183443,3.3858314189,-3.2324626446
-5.3611629185,3.4296129751,-3.2916884422
-5.5102104435,3.3849041882,-3.2333552837
-5.5074408055,3.3885821751,-3.2249021530
-5.4017850626,3.4260456658,-3.2715740204
-5.4017850626,3.4260456658,-3.2715740204
-5.4284602245,3.4187647977,-3.2630779743
-5.5202327112,3.3920616503,-3.2168776989
-5.3703379503,3.4365980566,-3.2889592648
-5.4109988695,3.4290220762,-3.2707436085
-5.3916031427,3.4361945426,-3.2775008678
-5.3917364953,3.4369796541,-3.2696523666
-5.3685775607,3.4440364696,-3.2835061550
-5.4245940098,3.4280628983,-3.2664999962
-5.4850282916,3.4109791790,-3.2366960049
-5.5479300185,3.4028670065,-3.2095835209
-5.6631797328,3.4140497455,-3.1355686188
-5.3271371777,3.5136053221,-3.2813227177
-3.8555794193,3.9905284757,-4.8275899887
-3.7793163248,4.0084434731,-4.9076099396
-7.5251714447,-0.1050555718,1.5887768269
-8.3212185287,2.1716500870,-2.7061288357
-8.3212185287,2.1716500870,-2.7061288357
-8.3464257158,2.2814112701,-2.7438702583
-8.3451198379,2.3075649069,-2.7525999546
-8.3861344535,2.3291393729,-2.7166049480
-6.9918856846,2.7278060758,-1.7472783327
-14.4234614543,0.3102797039,0.0857639760
-6.5636207673,2.8907623137,-1.0948990583
-6.5005389048,2.9409148718,-1.1616669893
-6.9540233162,2.8511415787,-1.7592658997
-6.9700475480,2.8468739574,-1.7636841536
-6.9370988277,2.8646295817,-1.7513538599
-6.9532159511,2.8675243959,-1.7570825815
-6.9299284686,2.8783337138,-1.7462641001
-6.9420028664,2.8898736895,-1.7495169640
-6.9461696724,2.8934592062,-1.7464822531
-6.9461696724,2.8934592062,-1.7464822531
-6.9217986787,2.9012095059,-1.7423876524
-6.9681258203,2.8892256396,-1.7590814829
-6.9431325705,2.9032688009,-1.7495807409
-6.9552580502,2.9024852067,-1.7533941269
-6.9114845020,2.9186326759,-1.7375048399
-6.9308347945,2.9141248176,-1.7383303642
-10.8989305732,1.8175113610,-1.3661283255
-7.1624241406,2.9764884978,-1.7745237350
-7.2021011838,2.9970099669,-1.7667574883
-7.2184979937,3.0089607901,-1.7592165470
2.0861948228,8.3949610151,-6.6136269569
2.1106039173,8.4086020955,-6.6221194267
-3.9535802777,4.7890672867,-4.2291073799
-3.9535802777,4.7890672867,-4.2291073799
-3.9535802777,4.7890672867,-4.2291073799
-3.9535802777,4.7890672867,-4.2291073799
-3.9535802777,4.7890672867,-4.2291073799
-3.9535802777,4.7890672867,-4.2291073799
-3.9535802777,4.7890672867,-4.2291073799
-3.9535802777,4.7890672867,-4.2291073799
-3.9535802777,4.7890672867,-4.2291073799
-3.9535802777,4.7890672867,-4.2291073799
-3.9535802777,4.7890672867,-4.2291073799
-3.9535802777,4.7890672867,-4.2291073799
-3.9535802777,4.7890672867,-4.2291073799
-3.9535802777,4.7890672867,-4.2291073799
-3.9535802777,4.7890672867,-4.2291073799
-3.9535802777,4.7890672867,-4.2291073799
-3.9535802777,4.7890672867,-4.2291073799
-3.9535802777,4.7890672867,-4.2291073799
-3.4021089533,5.1022005430,-4.5685882568
-3.9535802777,4.7890672867,-4.2291073799
-3.9535802777,4.7890672867,-4.2291073799
-3.9535802777,4.7890672867,-4.2291073799
-3.9535802777,4.7890672867,-4.2291073799
-3.9535802777,4.7890672867,-4.2291073799
-3.9535802777,4.7890672867,-4.2291073799
-3.9535802777,4.7890672867,-4.2291073799
-3.9535802777,4.7890672867,-4.2291073799
-3.9535802777,4.7890672867,-4.2291073799
-3.9535802777,4.7890672867,-4.2291073799
-3.9535802777,4.7890672867,-4.2291073799
-3.9535802777,4.7890672867,-4.2291073799
-3.9535802777,4.7890672867,-4.2291073799
-3.9535802777,4.7890672867,-4.2291073799
-3.9535802777,4.7890672867,-4.2291073799
-3.9535802777,4.7890672867,-4.2291073799
-3.9535802777,4.7890672867,-4.2291073799
-3.9535802777,4.7890672867,-4.2291073799
-3.9535802777,4.7890672867,-4.2291073799
-3.9535802777,4.7890672867,-4.2291073799
-3.9535802777,4.7890672867,-4.2291073799
-3.9535802777,4.7890672867,-4.2291073799
-3.9535802777,4.7890672867,-4.2291073799
-3.9535802777,4.7890672867,-4.2291073799
-3.9535802777,4.7890672867,-4.2291073799
-3.9535802777,4.7890672867,-4.2291073799
-3.9535802777,4.7890672867,-4.2291073799
-3.9535802777,4.7890672867,-4.2291073799
-3.9535802777,4.7890672867,-4.2291073799
-3.9535802777,4.7890672867,-4.2291073799
-3.9535802777,4.7890672867,-4.2291073799
-3.9535802777,4.7890672867,-4.2291073799
-3.9535802777,4.7890672867,-4.2291073799
-3.9535802777,4.7890672867,-4.2291073799
-3.9535802777,4.7890672867,-4.2291073799
-3.9535802777,4.7890672867,-4.2291073799
-3.9535802777,4.7890672867,-4.2291073799
-3.9535802777,4.7890672867,-4.2291073799
-3.9535802777,4.7890672867,-4.2291073799
-3.9535802777,4.7890672867,-4.2291073799
-3.9535802777,4.7890672867,-4.2291073799
-3.9535802777,4.7890672867,-4.2291073799
-3.9535802777,4.7890672867,-4.2291073799
-3.9535802777,4.7890672867,-4.2291073799
-3.9535802777,4.7890672867,-4.2291073799
-3.9535802777,4.7890672867,-4.2291073799
-3.9535802777,4.7890672867,-4.2291073799
-3.9535802777,4.7890672867,-4.2291073799
-3.9535802777,4.7890672867,-4.2291073799
-3.9535802777,4.7890672867,-4.2291073799
-3.9535802777,4.7890672867,-4.2291073799
-3.9535802777,4.7890672867,-4.2291073799
-3.9535802777,4.7890672867,-4.2291073799
-3.9535802777,4.7890672867,-4.2291073799
-3.9535802777,4.7890672867,-4.2291073799
-3.9535802777,4.7890672867,-4.2291073799
-3.9535802777,4.7890672867,-4.2291073799
-3.9535802777,4.7890672867,-4.2291073799
-3.9535802777,4.7890672867,-4.2291073799
-3.9535802777,4.7890672867,-4.2291073799
-3.9535802777,4.7890672867,-4.2291073799
-3.9535802777,4.7890672867,-4.2291073799
-3.9535802777,4.7890672867,-4.2291073799
-3.9535802777,4.7890672867,-4.2291073799
-3.9535802777,4.7890672867,-4.2291073799
-3.9535802777,4.7890672867,-4.2291073799
-3.9535802777,4.7890672867,-4.2291073799
-3.9535802777,4.7890672867,-4.2291073799
-3.9535802777,4.7890672867,-4.2291073799
-3.9535802777,4.7890672867,-4.2291073799
-3.9535802777,4.7890672867,-4.2291073799
-3.9535802777,4.7890672867,-4.2291073799
-3.9535802777,4.7890672867,-4.2291073799
-3.9535802777,4.7890672867,-4.2291073799
-3.9535802777,4.7890672867,-4.2291073799
-3.9535802777,4.7890672867,-4.2291073799
-3.9535802777,4.7890672867,-4.2291073799
-3.9535802777,4.7890672867,-4.2291073799
-3.9535802777,4.7890672867,-4.2291073799
-3.9535802777,4.7890672867,-4.2291073799
-3.9535802777,4.7890672867,-4.2291073799
-3.9535802777,4.7890672867,-4.2291073799
-3.9535802777,4.7890672867,-4.2291073799
-3.9535802777,4.7890672867,-4.2291073799
-3.9535802777,4.7890672867,-4.2291073799
-3.9535802777,4.7890672867,-4.2291073799
-3.9535802777,4.7890672867,-4.2291073799
-3.9535802777,4.7890672867,-4.2291073799
-3.9535802777,4.7890672867,-4.2291073799
-3.9535802777,4.7890672867,-4.2291073799
-3.9535802777,4.7890672867,-4.2291073799
-3.9535802777,4.7890672867,-4.2291073799
-3.9535802777,4.7890672867,-4.2291073799
-3.9535802777,4.7890672867,-4.2291073799
-3.9535802777,4.7890672867,-4.2291073799
-3.9535802777,4.7890672867,-4.2291073799
-3.9535802777,4.7890672867,-4.2291073799
-3.9535802777,4.7890672867,-4.2291073799
-3.9535802777,4.7890672867,-4.2291073799
-3.9535802777,4.7890672867,-4.2291073799
-3.9535802777,4.7890672867,-4.2291073799
-3.9535802777,4.7890672867,-4.2291073799
-3.9535802777,4.7890672867,-4.2291073799
-3.9535802777,4.7890672867,-4.2291073799
-3.9535802777,4.7890672867,-4.2291073799
-3.9535802777,4.7890672867,-4.2291073799
-3.9535802777,4.7890672867,-4.2291073799
-3.9535802777,4.7890672867,-4.2291073799
-3.9535802777,4.7890672867,-4.2291073799
2.7933393676,7.6928646512,-7.0268206596
2.7933393676,7.6928646512,-7.0268206596
2.1313839995,7.3904927076,-6.8086686134
2.1374425246,7.3928568086,-6.8111028671
-8.7258242283,1.8647252722,-2.6901609898
-8.7258242283,1.8647252722,-2.6901609898
-8.7350995695,1.8466159515,-2.6421010494
-8.7209291247,1.8892850838,-2.7427449226
-8.7160798769,1.8933999649,-2.7448384762
-8.7243615641,1.8790255293,-2.7082076073
-8.7340462355,2.0266699857,-2.8553655148
-8.8115981226,1.9812778299,-2.5896408558
-8.8115981226,1.9812778299,-2.5896408558
-8.7914876696,2.0604747928,-2.8235092163
-8.7896365800,2.1073724341,-2.8343768120
-8.7958540831,2.0977164225,-2.8064987659
-8.8060256349,2.1039018940,-2.7809455395
-8.8060256349,2.1039018940,-2.7809455395
-8.8196131045,2.1100034090,-2.7775835991
-8.8294758042,2.1129155876,-2.7507658005
-7.1287948330,2.5825794998,-1.5102406740
-7.1287948330,2.5825794998,-1.5102406740
-8.8443701633,2.1330334585,-2.7225856781
-8.8699860063,2.1665573990,-2.7274272442
-8.8699860063,2.1665573990,-2.7274272442
-7.1040856530,2.7059150027,-1.5324071646
-7.0771856798,2.7190508267,-1.5049217939
-7.0865475064,2.7296315401,-1.5212291479
-7.0615846024,2.7392300634,-1.5032693148
-7.1339625424,2.7199328759,-1.5510594845
-7.0801735542,2.7346642110,-1.5084697008
-7.0394652619,2.7509273311,-1.4994179010
-7.0973655909,2.7442364346,-1.5230424404
-7.0766981251,2.7550489557,-1.5108159781
-7.0550752745,2.7663832548,-1.5000637770
-7.0550752745,2.7663832548,-1.5000637770
-7.0550752745,2.7663832548,-1.5000637770
-7.1029397645,2.7488348244,-1.5112377405
-7.0831637888,2.7572277792,-1.5070174932
-7.0360946941,2.7794214667,-1.4795045853
-7.0806208165,2.7712765039,-1.5112284422
-6.9408758596,2.8077428002,-1.4006624222
-8.9681028581,2.1657599806,-2.4269139767
-7.0730554572,2.7795735325,-1.5059462786
-7.0861546978,2.7802283260,-1.5125834942
-8.9537597798,2.2367416798,-2.6739380360
-7.2703864962,2.7641887527,-1.4622937441
-8.9576190825,2.3182300826,-2.6362364292
-6.5031872442,2.9554118704,-0.7963997126
-7.2886231004,2.8357788838,-1.5756667852
-8.8160916510,2.2620078726,-1.8406058550
-8.8160916510,2.2620078726,-1.8406058550
-8.8160916510,2.2620078726,-1.8406058550
-9.0382001479,2.4351134088,-2.6007843018
-7.3957826428,2.8918706072,-1.5778478384
-7.3975056060,2.9095736323,-1.5795440674
-7.4096292313,2.9051847967,-1.5816081762
-7.4374766656,2.9155925394,-1.5750838518
-7.4828718560,2.9412050107,-1.5787713528
-9.0790245969,2.5183234260,-2.5794165134
-7.5015268941,2.9488637674,-1.5773117542
-7.5273288576,2.9529631385,-1.5786801577
-9.2561135160,2.7097867808,-2.3710639477
-9.2561135160,2.7097867808,-2.3710639477
-9.3364538387,2.7088969765,-2.2960672379
-7.3247711037,3.1951301635,-0.8822359443
-4.5564347217,5.1026545910,-3.6269228458
-4.6215658272,5.1129737621,-3.6907675266
-5.0025319180,5.0580253458,-4.0766077042
-4.6178987564,5.1270049116,-3.6837739944
-4.6136706267,5.1276879856,-3.6792321205
-4.6320137360,5.1217690929,-3.6910672188
-4.6038634554,5.1301380030,-3.6697099209
-4.6074209234,5.1294856330,-3.6731319427
-4.6110052389,5.1300310343,-3.6765110493
-4.6267446634,5.1256328210,-3.6886157990
-4.6188745192,5.1303173378,-3.6824679375
-4.6168628922,5.1319985335,-3.6798508167
-4.6082650826,5.1348603255,-3.6698925495
-4.6082650826,5.1348603255,-3.6698925495
-4.6133967143,5.1351781128,-3.6746473312
-4.6133967143,5.1351781128,-3.6746473312
-4.6167148936,5.1351015320,-3.6780416965
-4.6034911513,5.1379106194,-3.6631345749
-4.5795169280,5.1421985555,-3.6360361576
-4.6344244303,5.1340794498,-3.6915950775
-4.6122383293,5.1392078783,-3.6682877541
-4.6165599407,5.1397604657,-3.6742463112
-4.6217386925,5.1393035095,-3.6786625385
-4.6850394869,5.1221093444,-3.6471502781
-4.9964367724,5.0910924513,-3.9728653431
-4.6763388390,5.1667797987,-3.6942777634
-5.0488209614,5.1153008872,-4.0473518372
-4.7089217246,5.1868083183,-3.7018346786
-4.7191779916,5.1929906709,-3.7033879757
-4.7230643104,5.1959301186,-3.7018487453
-4.7274265935,5.1991023433,-3.7024555206
-4.7360430952,5.1968422607,-3.7068464756
-4.7360430952,5.1968422607,-3.7068464756
-4.7305512765,5.1989306370,-3.7034850121
-4.7527599472,5.3570025820,-4.1560926437
-4.7425177784,5.2095710304,-3.7014286518
-4.7576569896,5.2159975186,-3.7024044991
-4.7074147430,5.2630945988,-3.5734279156
-5.1173090950,5.2032719705,-3.9822394848
-5.1173090950,5.2032719705,-3.9822394848
-5.1055724384,5.2124656549,-3.9357964993
-5.1270242939,5.2222429282,-3.9625895023
-5.1269797184,5.2222767142,-3.9624156952
-5.1317159810,5.2248308448,-3.9570109844
-5.1312090334,5.2255373999,-3.9573576450
-3.9119544907,6.8468856901,-4.6686978340
-3.9575752510,6.7935685780,-4.6478052139
-3.9577714867,6.7934269646,-4.6477766037
-3.9600556773,6.7902782578,-4.6449179649
-3.7748214582,7.0956107647,-4.7442641258
-3.7748214582,7.0956107647,-4.7442641258
-3.7748214582,7.0956107647,-4.7442641258
-3.7748214582,7.0956107647,-4.7442641258
-3.7748214582,7.0956107647,-4.7442641258
-3.7748214582,7.0956107647,-4.7442641258
-3.7748214582,7.0956107647,-4.7442641258
-3.7748214582,7.0956107647,-4.7442641258
-3.7748214582,7.0956107647,-4.7442641258
-3.7748214582,7.0956107647,-4.7442641258
-3.7748214582,7.0956107647,-4.7442641258
-3.7748214582,7.0956107647,-4.7442641258
-3.7748214582,7.0956107647,-4.7442641258
-3.7748214582,7.0956107647,-4.7442641258
-3.7748214582,7.0956107647,-4.7442641258
-3.7748214582,7.0956107647,-4.7442641258
-4.0972231859,6.6427695985,-4.5628809929
-4.2104780056,6.5104644033,-4.4814014435
-4.2104780056,6.5104644033,-4.4814014435
-4.3470132271,6.3550419989,-4.3913121223
-3.6583511712,7.1200417755,-4.8278794289
-4.2614160123,6.4628624039,-4.4605436325
-4.2741917336,6.4486139031,-4.4522986412
-3.6960157867,7.0960536438,-4.8206424713
-3.6960157867,7.0960536438,-4.8206424713
-3.6151557091,7.1709646094,-4.8486285210
-4.3473296656,6.3546857737,-4.3911080360
-4.3463596980,6.3558142134,-4.3917403221
-1.3975544304,8.7906767642,-6.1815648079
-1.2721702535,8.8724177109,-6.2649583817
-1.0095876323,9.8270596769,-5.8814282417
-1.3680573685,8.8173449297,-6.2006702423
-1.2687883904,8.8806784932,-6.2679004669
-2.1952405211,8.2013458108,-5.7105088234
-1.1715889912,8.9309114675,-6.3445854187
-1.1977095848,8.9295233189,-6.3198471069
-1.1992875629,8.9363315522,-6.3136963844
-1.1992875629,8.9363315522,-6.3136963844
-1.1887744530,8.9444662311,-6.3200283051
-1.1936189803,8.9402373850,-6.3254203796
-1.1750001885,8.9483646460,-6.3436980247
-1.1750001885,8.9483646460,-6.3436980247
-1.1750001885,8.9483646460,-6.3436980247
-1.7778326319,8.5289256160,-5.9617757797
-1.1273321029,8.9753221075,-6.3866267204
-1.1336838015,8.9812644760,-6.3752131462
-1.7658308953,8.5436706066,-5.9708185196
-1.1837154824,8.9507976993,-6.3436036110
-1.2847907058,8.9044708950,-6.2624855042
-1.7640492638,8.5468832080,-5.9759345055
-1.7469123551,8.5986088551,-5.9990224838
-1.7207536607,8.6326945288,-6.0238885880
-1.3674929379,8.9169949153,-6.2365446091
-1.7366602185,8.6855041928,-6.0307579041
-1.4660750909,8.9355391915,-6.2118725777
-1.4886974961,8.9324547165,-6.1963348389
-1.4821225877,8.9440319500,-6.2079968452
-1.5557484116,8.8891597878,-6.1599235535
-1.5141943164,8.9393570216,-6.1946787834
-1.5135833557,8.9491789232,-6.1971950531
-1.5720285591,8.8365888436,-6.4613623619
-1.5768066630,8.8445424596,-6.4585089684
-2.4144749400,8.2162705157,-5.4127464294
-1.7245397964,8.5470760720,-5.9971828461
-1.7245397964,8.5470760720,-5.9971828461
-1.9607745682,8.7815770910,-5.5675835609
-2.2934184015,8.3876483683,-5.4612712860
-1.7342854965,8.5691232570,-5.9902553558
-1.8622595130,8.4674441536,-5.9155120850
-1.8394489642,8.5007880427,-5.9357848167
-2.4177543020,8.2465966905,-5.4321045876
-1.8094815434,8.5375583021,-5.9564127922
-1.9905794708,8.7845509726,-5.5869698524
-1.9905794708,8.7845509726,-5.5869698524
-1.7829320634,8.5762191005,-5.9799375534
-1.9923314310,8.7907529657,-5.5871939659
-1.7696244489,8.6254081816,-6.0065107346
-2.1740042414,8.7736517976,-5.6940174103
-1.1170098339,10.2677238599,-6.1113009453
-1.1647794092,10.2627255808,-6.0913882256
-1.1647794092,10.2627255808,-6.0913882256
-1.1698474834,10.2637280014,-6.0999054909
-1.1573386359,10.2621631733,-6.1206750870
-1.1933404739,10.2812341164,-6.1379685402
-1.2107312752,10.2960327179,-6.1309041977
-1.2470237578,10.3084188337,-6.1456084251
-1.2425986759,10.3132512228,-6.1558561325
-1.2839619302,10.3233920917,-6.1514062881
-0.1867914609,12.5339528236,-6.9572186470
-1.3023976361,10.3408155989,-6.1755638123
-1.2540744198,10.3230417671,-6.2693452835
-1.2023983374,10.1149543466,-6.4494938850
-1.0995303557,10.2737205135,-6.5807361603
-1.2746521971,10.3321947139,-6.2849903107
-1.1289272768,10.2886081291,-6.5507073402
-1.1289272768,10.2886081291,-6.5507073402
-1.1354044045,10.2908530388,-6.5446014404
-1.2790401898,10.3272240832,-6.3066897392
-1.1652969725,10.2951149281,-6.5386366844
-1.1652969725,10.2951149281,-6.5386366844
-1.2357560508,10.3326839545,-6.4578642845
-1.4729372722,10.4332237444,-6.2831430435
-1.2134826214,9.8290071985,-6.9499926567
-1.5166708652,10.4515073844,-6.3190727234
-1.5166708652,10.4515073844,-6.3190727234
-1.5278225842,10.4802582786,-6.7246775627
-3.0791612553,7.9878411716,-5.5673265457
-3.0791612553,7.9878411716,-5.5673265457
-0.8703351191,11.4448742120,-7.1077246666
-0.1647827137,12.5470399258,-7.5407104492
0.5728653598,12.2226656414,-6.4992713928
4.7772704259,14.2446124827,-8.9902324677
0.2330349830,11.7043227936,-6.4623699188
0.4772884456,12.2096614842,-6.5556282997
0.4772884456,12.2096614842,-6.5556282997
0.5584484402,12.3929746499,-6.5965728760
0.5584484402,12.3929746499,-6.5965728760
0.4584713951,12.1564660922,-6.6061387062
0.4584713951,12.1564660922,-6.6061387062
0.1897538785,11.7857100439,-6.5549054146
0.0881449075,11.6546266016,-6.5768857002
0.0397697663,11.6617774045,-6.6155762672
-2.4494966109,8.2678198203,-5.7656579018
0.1428002663,12.0277287120,-6.7244591713
0.0816907077,11.9490321165,-6.7377266884
0.8367343028,13.4764959467,-7.0325856209
0.7505841214,13.5740291489,-7.1117706299
0.9029466647,13.8892160947,-7.2417898178
0.9029466647,13.8892160947,-7.2417898178
0.9177837040,13.9621955546,-7.2929973602
1.8831077045,15.6909358745,-7.9394359589
-0.0589759165,13.0545001202,-7.4869651794
-4.7808844339,5.0284020856,-4.4441347122
-4.6178505825,5.2190876413,-4.5205459595
3.3337675012,12.5205794600,-8.8305091858
2.8482138900,12.2682853902,-8.6259860992
-4.3044293579,5.7117354733,-4.6750402451
-4.3261649513,5.6856584173,-4.6641297340
0.8126387809,10.7040448944,-7.7528209686
0.8126387809,10.7040448944,-7.7528209686
0.8179398430,10.7053875244,-7.7672786713
0.8294118779,10.7277031006,-7.7787003517
0.8127753367,10.6943973122,-7.7739934921
-1.0375899984,9.5909361728,-6.6713042259
-1.2289191576,9.4104620188,-6.5641946793
-1.4034266666,9.2403688021,-6.4529166222
-1.0938051278,9.5280153112,-6.6600909233
-1.2476947357,9.3842079039,-6.5607771873
-1.0608870904,9.5567523812,-6.6826481819
-1.2025321958,9.4297022237,-6.5965929031
-1.2921876463,9.3401479256,-6.5393104553
-1.0729093947,9.5392280588,-6.6835832596
-1.3586737941,9.2790761306,-6.4998049736
-1.1881631551,9.4410683858,-6.6111478806
-1.2608189271,9.3789216776,-6.5652279854
-1.3651050660,9.2577558944,-6.5091567039
-4.5445439157,5.5154630788,-4.5610685349
-4.5445439157,5.5154630788,-4.5610685349
-4.5454981203,5.5135445543,-4.5604300499
-4.5454981203,5.5135445543,-4.5604300499
-4.0155371144,6.0880133066,-4.8123369217
-4.0155371144,6.0880133066,-4.8123369217
-3.9190505870,6.2202248515,-4.8587231636
-3.7513734805,6.4529632050,-4.9489178658
-4.1482478466,5.9117733093,-4.7528142929
-4.5327108929,5.4389097770,-4.5230445862
-4.5327899604,5.4386169407,-4.5220484734
-4.5362030543,5.4283861725,-4.5192956924
-4.5347905027,5.4360344347,-4.5192842484
-4.5365216002,5.4304656137,-4.5176849365
-2.9770235942,7.4987205884,-5.3888072968
-2.9888316239,7.4935245563,-5.3799676895
-2.9618991133,7.4704580919,-5.3659830093
-2.9743530013,7.4577378358,-5.3597187996
-2.9846816766,7.4672512224,-5.3541665077
-2.9846816766,7.4672512224,-5.3541665077
-2.9615098450,7.4450379788,-5.3456492424
-2.9615098450,7.4450379788,-5.3456492424
-2.9685969219,7.4496394031,-5.3416471481
-2.9986761161,7.4672178421,-5.3272051811
-2.9320193579,7.3427012159,-5.3005266190
-3.5400847540,7.0069557118,-4.9960494041
-3.4881753467,7.0538270534,-5.0153622627
-3.4835461055,7.0540521176,-5.0167007446
-3.4835461055,7.0540521176,-5.0167007446
-3.7228171362,6.7295628566,-4.9083609581
-3.5416038951,7.0098016356,-4.9924783707
-3.4878314284,7.0546268320,-5.0111646652
-3.5085032775,7.0456036975,-5.0032105446
-3.4839257643,7.0517559573,-5.0102128983
-3.5428964546,7.0143873813,-4.9882726669
-3.4937367077,7.0517271288,-5.0049405098
-3.5462351594,7.0150583591,-4.9826974869
-3.5092239886,7.0397417452,-4.9943771362
-3.5124178768,7.0374528342,-4.9897451401
-3.5367511069,7.0197363221,-4.9798865318
-3.5458721907,7.0158839316,-4.9767189026
-3.4911876663,7.0542215479,-4.9946432114
-3.5415120149,7.0182689374,-4.9768743515
-3.5170985372,7.0353792092,-4.9845538139
-3.5513357710,7.0136066531,-4.9718828201
-3.5467351896,7.0123727619,-4.9714965820
-3.5491562731,7.0157295055,-4.9671330452
-3.4970809758,7.0563017478,-4.9850697517
-3.4954807443,7.0529637174,-4.9844288826
-4.7652430640,5.4005107105,-4.4077949524
-4.6358953975,5.5540992213,-4.4805774689
-4.6358953975,5.5540992213,-4.4805774689
-4.1074908325,6.1553874885,-4.7628269196
-4.3443399368,5.8968148870,-4.6406793594
-4.3443399368,5.8968148870,-4.6406793594
-3.6711088536,6.8252185010,-4.9386606216
-3.6731438721,6.8262247992,-4.9352002144
-3.6654997825,6.8285145531,-4.9355158806
-3.6469828175,6.8428397612,-4.9400081635
-3.6449070009,6.8504054577,-4.9400629997
-3.6660058818,6.8415676007,-4.9352440834
-3.6543190665,6.8478636655,-4.9352545738
-3.6171866814,6.8930214849,-4.9460878372
-3.6223285969,6.8833931217,-4.9415707588
-3.6169870740,6.8910584533,-4.9422397614
-3.6344063664,6.8830787062,-4.9390110970
-3.6200349654,6.8929326393,-4.9420728683
-3.6267142294,6.8892845767,-4.9400267601
-3.6397955997,6.8833371506,-4.9375591278
-3.6309292514,6.8873212079,-4.9385666847
-3.6340634597,6.8881629648,-4.9382505417
-3.6392249313,6.8890315270,-4.9354624748
-3.6281310379,6.8976606728,-4.9380626678
-4.9229731770,5.2044957491,-4.3170838356
-4.9229731770,5.2044957491,-4.3170838356
-4.9229731770,5.2044957491,-4.3170838356
-4.4603465663,5.7510013318,-4.5675015450
-4.9229731770,5.2044957491,-4.3170838356
-4.4444655495,5.8168374909,-4.5992770195
-4.4444655495,5.8168374909,-4.5992770195
-4.9229731770,5.2044957491,-4.3170838356
-4.9229731770,5.2044957491,-4.3170838356
-4.4592231421,5.7692566070,-4.5746874809
-4.4592231421,5.7692566070,-4.5746874809
-4.9229731770,5.2044957491,-4.3170838356
-4.7438281660,5.4267633924,-4.4147620201
-4.9229731770,5.2044957491,-4.3170838356
-4.3960262187,5.9730169791,-4.6799912453
-4.3960262187,5.9730169791,-4.6799912453
-4.3960262187,5.9730169791,-4.6799912453
-4.6562115272,5.0706775663,-4.2945542336
-4.8545808748,4.3555986455,-3.9943189621
-4.5583396750,5.4320548871,-4.4592728615
-4.5556883010,5.4416540847,-4.4638481140
-4.5534008651,5.4499809954,-4.4678092003
-4.3324229153,7.5652372504,-5.9721074104
-4.2745704652,7.5547457197,-6.0057497025
-4.2968821639,7.3133621203,-5.6600937843
-3.9426996051,7.7027443783,-5.7978606224
-3.9762221969,7.7287628080,-5.7040476799
-3.9468949024,7.7166836898,-5.7486338615
-3.9331852069,7.7279009892,-5.7039194107
-3.9275258967,7.7452346393,-5.6860289574
-3.8906644316,7.7210418425,-5.7699732780
-3.9422595920,7.7577082520,-5.6416344643
-3.9325326051,7.7520384894,-5.6635632515
-3.9092436054,7.7379348051,-5.7155909538
-3.9226481576,7.7474109340,-5.6746625900
-3.9156468918,7.7463766503,-5.6846175194
-3.9069917835,7.7434032744,-5.6961545944
-3.9069917835,7.7434032744,-5.6961545944
-3.8955158710,7.7420598015,-5.7156314850
-3.9066544402,7.7769226631,-5.5881500244
-3.8729445478,7.7703711883,-5.6310582161
-3.8857211120,7.7810943581,-5.5982460976
-3.8637609181,7.7643967883,-5.6488995552
-3.8418502888,7.7636762458,-5.6736788750
-3.8655477759,7.7808065794,-5.6097850800
-3.8560992954,7.7773871213,-5.6201968193
-3.8422196638,7.7787467787,-5.6267409325
-3.8422196638,7.7787467787,-5.6267409325
-3.8417570600,7.7822466530,-5.6185965538
-4.1546633555,8.0122915700,-4.8646798134
-4.1546633555,8.0122915700,-4.8646798134
-3.8215213465,7.7931008152,-5.6386699677
-4.1793813021,8.0364100198,-4.7797155380
-4.1793813021,8.0364100198,-4.7797155380
-3.8818090416,7.9211373776,-5.4251093864
-3.8953128918,7.8460276474,-5.3983001709
-3.8063014452,7.7998980903,-5.5962567329
-3.8727442660,7.8876210235,-5.4174580574
-3.8216653201,7.8301849842,-5.5168724060
-3.8019490244,7.8154743854,-5.5310101509
-3.8055549402,7.8426484817,-5.5062241554
-3.7336293201,7.8308792271,-5.5496773720
-3.7336293201,7.8308792271,-5.5496773720
-3.6754958348,7.7995939586,-5.6704525948
-3.7371087954,7.8274563973,-5.5195007324
-3.6875073495,7.8157338414,-5.5695824623
-3.7366409654,7.8597953369,-5.4525351524
-3.6544338745,7.7840454805,-5.6441984177
-3.5728694388,7.7301546655,-5.5552978516
-3.5728694388,7.7301546655,-5.5552978516
-3.8596428338,8.1723153988,-4.5681715012
-3.8596428338,8.1723153988,-4.5681715012
-3.4019725661,8.1537923646,-4.9359593391
-3.4019725661,8.1537923646,-4.9359593391
-3.4105954741,8.1651639215,-4.8946304321
-4.2420042697,5.9044138795,-4.6981992722
-4.2420042697,5.9044138795,-4.6981992722
-4.2408730483,5.8582394781,-4.6659388542
-4.2420042697,5.9044138795,-4.6981992722
-4.2420042697,5.9044138795,-4.6981992722
-4.2420042697,5.9044138795,-4.6981992722
-4.2420042697,5.9044138795,-4.6981992722
-4.2420042697,5.9044138795,-4.6981992722
-4.2420042697,5.9044138795,-4.6981992722
-3.9225191883,6.7661245733,-4.9269599915
-3.9223880273,6.7664465752,-4.9269862175
-4.2420042697,5.9044138795,-4.6981992722
-4.0068824276,6.4922481982,-4.8293938637
-3.4907985666,8.5330040822,-4.5774741173
-4.1336398332,5.8554451421,-5.1232218742
-8.4677845315,-8.0086418215,-4.5593476295
-9.0084115983,-7.9992781405,-4.1546988487
-8.6305340392,-7.9219886174,-2.5388934612
-8.6546772081,-8.0428306074,-2.4327034950
-8.8924699170,-7.0652979926,-2.9120886326
-8.8330315231,-7.6704767089,-2.4519648552
-8.8330315231,-7.6704767089,-2.4519648552
-9.3112440384,-6.8860474459,-3.0406701565
-9.3112440384,-6.8860474459,-3.0406701565
-8.8355202102,-7.6482835272,-2.3705751896
-9.2293999162,-7.3379179701,-2.6093413830
-9.3301233820,-6.8806483503,-2.7812509537
-9.1403160613,-7.7207565926,-1.9739205837
-4.1311882353,5.8618592180,-5.1257677078
-4.1311794687,5.8618531489,-5.1257600784
-4.1311794687,5.8618531489,-5.1257600784
-4.1169757279,5.9467199588,-5.1129665375
-4.1169757279,5.9467199588,-5.1129665375
-4.1311320957,5.8622275815,-5.1257367134
-4.1311320957,5.8622275815,-5.1257367134
-4.1311286396,5.8622296888,-5.1257400513
-4.1311286396,5.8622296888,-5.1257400513
-4.0925936074,5.9793513976,-5.1276602745
-4.1311277124,5.8622312904,-5.1257586479
-4.1311339501,5.8622257270,-5.1257615089
-4.1312078757,5.8618240676,-5.1256923676
-4.1312078757,5.8618240676,-5.1256923676
-4.1311055431,5.8622419957,-5.1257624626
-4.1312279376,5.8618147953,-5.1256899834
-4.1312296235,5.8618144581,-5.1256895065
-4.1311256050,5.8622307004,-5.1257638931
-4.1311256050,5.8622307004,-5.1257638931
-4.1312332481,5.8618121822,-5.1256890297
-4.1312332481,5.8618121822,-5.1256890297
-4.1311962432,5.8618323284,-5.1256866455
-4.1311962432,5.8618323284,-5.1256866455
-4.0711138876,6.0092018187,-5.1463742256
-4.1312826442,5.8617924574,-5.1256890297
-4.1311119495,5.8622376125,-5.1257672310
-4.1311000641,5.8622441031,-5.1257677078
-4.1312841615,5.8617902658,-5.1256818771
-4.1312841615,5.8617902658,-5.1256818771
-4.1312797782,5.8617919517,-5.1256794930
-4.1311033515,5.8622421643,-5.1257691383
-4.1311033515,5.8622421643,-5.1257691383
-4.1312704216,5.8617959135,-5.1256780624
-4.1311085777,5.8622389612,-5.1257691383
-4.1311476057,5.8622100484,-5.1257667542
-4.0513639586,6.0805260033,-5.1936726570
-4.1311139725,5.8622328920,-5.1257729530
-4.1312728661,5.8617954920,-5.1256647110
-4.1312728661,5.8617954920,-5.1256647110
-4.1311873080,5.8618507044,-5.1256685257
-4.1311873080,5.8618507044,-5.1256685257
-4.1312663755,5.8617992852,-5.1256632805
-4.1312663755,5.8617992852,-5.1256632805
-4.1311529162,5.8622020405,-5.1257672310
-4.1311529162,5.8622020405,-5.1257672310
-4.1312336696,5.8618212016,-5.1256594658
-4.1312336696,5.8618212016,-5.1256594658
-4.1312419304,5.8618176613,-5.1256561279
-4.1312419304,5.8618176613,-5.1256561279
-4.1311319271,5.8622162861,-5.1257734299
-3.2435324473,6.2855422672,-5.5186071396
-3.2435324473,6.2855422672,-5.5186071396
-0.9988836815,7.6672798283,-6.3184862137
-0.9988836815,7.6672798283,-6.3184862137
-2.4121894007,7.0632873350,-5.8583483696
-2.4121894007,7.0632873350,-5.8583483696
-4.0626093279,6.0143521636,-5.3531503677
3.9254613755,11.0237061496,-9.5195112228
1.5835070004,9.5656581789,-8.3118057251
-3.8868299956,6.1572926946,-5.4048409462
-3.8868299956,6.1572926946,-5.4048409462
-3.9008079136,6.1293813656,-5.4013404846
-4.5578528789,5.7597448641,-5.2106757164
-1.9908981010,6.8893208230,-5.9596843719
-1.9908981010,6.8893208230,-5.9596843719
-1.8903422953,6.9374236956,-5.9907836914
-1.8801665288,6.8726448323,-5.9901666641
-1.9659977429,6.8488881711,-5.9908375740
-5.1710564605,5.3512751625,-4.9669618607
-5.1710564605,5.3512751625,-4.9669618607
-5.1461947405,5.3679644400,-4.9665837288
-5.1461947405,5.3679644400,-4.9665837288
-0.1360078801,8.0566462390,-7.5655026436
-0.1585962307,8.0425054656,-7.5560588837
-0.1585962307,8.0425054656,-7.5560588837
-0.1861309354,8.1147711264,-7.6212186813
0.3876835713,8.4328115824,-7.9775943756
-4.0832313594,6.0788047260,-5.3219370842
-4.0832313594,6.0788047260,-5.3219370842
-4.0674399468,6.0489109778,-5.3240470886
-5.0682861541,5.4196920785,-4.9994349480
-3.2684678715,6.5925803727,-5.8585357666
-5.0682861541,5.4196920785,-4.9994349480
-5.0682861541,5.4196920785,-4.9994349480
-5.0682861541,5.4196920785,-4.9994349480
-5.0682861541,5.4196920785,-4.9994349480
-3.5175720992,6.2346260082,-5.4153103828
-3.5175720992,6.2346260082,-5.4153103828
-3.5169329844,6.2349475043,-5.4155716896
-3.3963402298,6.3032896307,-5.4555387497
-3.3963402298,6.3032896307,-5.4555387497
-7.5779812773,3.4289217668,-4.2571763992
3.4789124809,9.4406894013,-9.5869636536
-1.5667578428,7.4582081946,-6.8044452667
-1.5667578428,7.4582081946,-6.8044452667
-1.4974866313,7.5092389245,-6.8550834656
-1.4974866313,7.5092389245,-6.8550834656
-4.1587873404,5.9873030749,-5.2614569664
-4.0455308348,6.0621479543,-5.3352069855
-2.2278967422,7.2263211232,-6.1854271889
-2.6492853169,6.8586937197,-5.8605608940
-2.7247465518,6.7822742341,-5.7967386246
-2.7247465518,6.7822742341,-5.7967386246
-3.3808674474,6.3036765388,-5.4549946785
-2.9607215304,6.5259305266,-5.6023964882
-2.9607215304,6.5259305266,-5.6023964882
-3.3026998791,6.3389338949,-5.4976143837
-3.3026998791,6.3389338949,-5.4976143837
-2.8545123151,6.4893347552,-5.7203798294
-2.8545123151,6.4893347552,-5.7203798294
-2.6311748161,6.8827661451,-5.8692178726
-2.6311748161,6.8827661451,-5.8692178726
-2.6311748161,6.8827661451,-5.8692178726
-2.6311748161,6.8827661451,-5.8692178726
-2.6311748161,6.8827661451,-5.8692178726
-2.6311748161,6.8827661451,-5.8692178726
-2.6311748161,6.8827661451,-5.8692178726
-2.6311748161,6.8827661451,-5.8692178726
-2.6311748161,6.8827661451,-5.8692178726
-2.6311748161,6.8827661451,-5.8692178726
-2.6311748161,6.8827661451,-5.8692178726
-2.6311748161,6.8827661451,-5.8692178726
-2.6311748161,6.8827661451,-5.8692178726
-2.6955859902,6.7933568322,-5.8382272720
-2.6951967219,6.7935478417,-5.8384976387
-2.6952061628,6.7935424470,-5.8384881020
-2.6956242595,6.7933023785,-5.8381037712
-2.6311748161,6.8827661451,-5.8692178726
-2.8891059425,6.6140723994,-5.6463036537
-2.6311748161,6.8827661451,-5.8692178726
-2.6311748161,6.8827661451,-5.8692178726
-2.6311748161,6.8827661451,-5.8692178726
-2.7424730105,6.7497275948,-5.7866201401
-2.7406042192,6.7505895821,-5.7878799438
-2.6311748161,6.8827661451,-5.8692178726
-2.6311748161,6.8827661451,-5.8692178726
-2.7382379266,6.7516847258,-5.7895307541
-2.6311748161,6.8827661451,-5.8692178726
-2.6311748161,6.8827661451,-5.8692178726
-2.6311748161,6.8827661451,-5.8692178726
-2.6311748161,6.8827661451,-5.8692178726
-2.6311748161,6.8827661451,-5.8692178726
-2.9153593831,6.5058207479,-5.6706357002
-2.6311748161,6.8827661451,-5.8692178726
-2.6311748161,6.8827661451,-5.8692178726
-2.6311748161,6.8827661451,-5.8692178726
-2.6311748161,6.8827661451,-5.8692178726
-2.6311748161,6.8827661451,-5.8692178726
-2.6311748161,6.8827661451,-5.8692178726
-2.6311748161,6.8827661451,-5.8692178726
-2.6311748161,6.8827661451,-5.8692178726
-2.6311748161,6.8827661451,-5.8692178726
-2.6311748161,6.8827661451,-5.8692178726
-2.6311748161,6.8827661451,-5.8692178726
-2.6311748161,6.8827661451,-5.8692178726
-2.8127722679,6.5226238534,-5.7403006554
-2.8127722679,6.5226238534,-5.7403006554
-2.6311748161,6.8827661451,-5.8692178726
-2.6311748161,6.8827661451,-5.8692178726
-2.6311748161,6.8827661451,-5.8692178726
-2.6311748161,6.8827661451,-5.8692178726
-2.5639971228,6.7862812193,-5.9303693771
-2.5647529001,6.7860817804,-5.9297933578
-2.2241202160,6.9812350074,-6.1684007645
-2.8590033146,6.7048422126,-5.7254590988
-3.3804387296,6.4559950807,-5.3627877235
-3.3804387296,6.4559950807,-5.3627877235
-2.2421361393,7.0346286582,-6.1008715630
-3.3804387296,6.4559950807,-5.3627877235
-2.6001955337,6.7749744000,-5.9008150101
-2.6001955337,6.7749744000,-5.9008150101
-2.6001955337,6.7749744000,-5.9008150101
-2.6001955337,6.7749744000,-5.9008150101
-2.6001955337,6.7749744000,-5.9008150101
-2.6001955337,6.7749744000,-5.9008150101
-2.6001955337,6.7749744000,-5.9008150101
-2.6001955337,6.7749744000,-5.9008150101
-2.6001955337,6.7749744000,-5.9008150101
-2.6001955337,6.7749744000,-5.9008150101
-2.6001955337,6.7749744000,-5.9008150101
-2.6001955337,6.7749744000,-5.9008150101
-2.6001955337,6.7749744000,-5.9008150101
-2.6001955337,6.7749744000,-5.9008150101
-2.6001955337,6.7749744000,-5.9008150101
-2.6001955337,6.7749744000,-5.9008150101
-2.6001955337,6.7749744000,-5.9008150101
-2.6001955337,6.7749744000,-5.9008150101
-2.6001955337,6.7749744000,-5.9008150101
-2.6001955337,6.7749744000,-5.9008150101
-2.6001955337,6.7749744000,-5.9008150101
-1.1707686449,7.2808876364,-6.8650712967
-2.6001955337,6.7749744000,-5.9008150101
-2.6001955337,6.7749744000,-5.9008150101
-1.6191723380,7.1501754235,-6.5673656464
-1.6191723380,7.1501754235,-6.5673656464
-2.6001955337,6.7749744000,-5.9008150101
-1.8386112535,7.1174517674,-6.4269080162
-1.8386112535,7.1174517674,-6.4269080162
-1.8969743548,7.1048365412,-6.3875360489
-2.6001955337,6.7749744000,-5.9008150101
-1.9772329126,7.0877490287,-6.3358521461
-2.6001955337,6.7749744000,-5.9008150101
-2.6001955337,6.7749744000,-5.9008150101
-2.6001955337,6.7749744000,-5.9008150101
-2.6001955337,6.7749744000,-5.9008150101
-2.6001955337,6.7749744000,-5.9008150101
-2.6001955337,6.7749744000,-5.9008150101
-2.6001955337,6.7749744000,-5.9008150101
-2.6001955337,6.7749744000,-5.9008150101
-2.6001955337,6.7749744000,-5.9008150101
-2.6001955337,6.7749744000,-5.9008150101
-2.2170678681,7.0445780118,-6.1916847229
-2.6001955337,6.7749744000,-5.9008150101
-2.6001955337,6.7749744000,-5.9008150101
-2.6001955337,6.7749744000,-5.9008150101
-2.6001955337,6.7749744000,-5.9008150101
-2.6001955337,6.7749744000,-5.9008150101
-2.6001955337,6.7749744000,-5.9008150101
-1.8274146903,7.1190820075,-6.4341068268
-1.8274146903,7.1190820075,-6.4341068268
-1.8274146903,7.1190820075,-6.4341068268
-1.8274146903,7.1190820075,-6.4341068268
-1.8274146903,7.1190820075,-6.4341068268
-1.9802359598,7.0871210407,-6.3338818550
-1.9802359598,7.0871210407,-6.3338818550
-2.0000872940,7.0878002793,-6.3262891769
-2.0000872940,7.0878002793,-6.3262891769
-2.0173047874,7.0864387675,-6.3122100830
-2.1133508803,7.0854611292,-6.2488021851
-2.7855764239,7.3068377882,-6.2141041756
-2.7847584378,7.3067440536,-6.2143874168
-2.4510821753,7.2580283659,-6.3120813370
-2.4175164252,7.2044040876,-6.2652535439
-2.7847584378,7.3067440536,-6.2143874168
-2.7847584378,7.3067440536,-6.2143874168
-2.4201900527,7.2226231587,-6.2514729500
-2.7858851074,7.3070099159,-6.2142572403
-2.3865277019,7.1873595649,-6.2561197281
-2.7847584378,7.3067440536,-6.2143874168
-2.7847584378,7.3067440536,-6.2143874168
-2.7847584378,7.3067440536,-6.2143874168
-2.7847584378,7.3067440536,-6.2143874168
-2.7847584378,7.3067440536,-6.2143874168
-2.7861356283,7.3071916531,-6.2143573761
-2.7861504639,7.3071876070,-6.2143769264
-2.6091810733,7.2570090865,-6.2107734680
-2.7847584378,7.3067440536,-6.2143874168
-0.5882678413,5.6584467260,-5.2453670502
1.2892563330,3.0764329213,-2.9068109989
5.6066895531,0.8139714643,-2.3849363327
-0.5368094052,5.5978633287,-5.2175631523
-0.4090021217,4.9697341782,-4.5591812134
-2.6895814130,7.1139913425,-6.3409767151
-2.6896550857,7.1143128387,-6.3412466049
-2.7824803164,7.1701850613,-6.3840508461
-2.7824803164,7.1701850613,-6.3840508461
-2.7824803164,7.1701850613,-6.3840508461
-2.7824803164,7.1701850613,-6.3840508461
-2.7824803164,7.1701850613,-6.3840508461
-2.7824803164,7.1701850613,-6.3840508461
-2.7824803164,7.1701850613,-6.3840508461
-2.6864281544,7.1000997412,-6.3316569328
-2.7824803164,7.1701850613,-6.3840508461
-2.6863984830,7.0999675687,-6.3315749168
-2.7824803164,7.1701850613,-6.3840508461
-2.7824803164,7.1701850613,-6.3840508461
-2.7824803164,7.1701850613,-6.3840508461
-2.7824803164,7.1701850613,-6.3840508461
-2.7824803164,7.1701850613,-6.3840508461
-2.7824803164,7.1701850613,-6.3840508461
-2.7824803164,7.1701850613,-6.3840508461
-2.7824803164,7.1701850613,-6.3840508461
-2.7824803164,7.1701850613,-6.3840508461
-2.6770573927,7.0937325325,-6.3297324181
-2.6770573927,7.0937325325,-6.3297324181
-2.6845694784,7.0948480753,-6.3307194710
-2.6849093505,7.0963235522,-6.3318161964
-2.6839103016,7.0919568015,-6.3287606239
-2.6841041772,7.0927926578,-6.3294172287
-2.6769388757,7.0880111821,-6.3263006210
-2.7824803164,7.1701850613,-6.3840508461
-2.7824803164,7.1701850613,-6.3840508461
-2.7824803164,7.1701850613,-6.3840508461
-2.7824803164,7.1701850613,-6.3840508461
-2.7824803164,7.1701850613,-6.3840508461
-2.7824803164,7.1701850613,-6.3840508461
-2.7824803164,7.1701850613,-6.3840508461
-2.7824803164,7.1701850613,-6.3840508461
-2.7824803164,7.1701850613,-6.3840508461
-2.7824803164,7.1701850613,-6.3840508461
-2.7824803164,7.1701850613,-6.3840508461
-2.7824803164,7.1701850613,-6.3840508461
-2.7824803164,7.1701850613,-6.3840508461
-2.7824803164,7.1701850613,-6.3840508461
-2.7824803164,7.1701850613,-6.3840508461
-2.7824803164,7.1701850613,-6.3840508461
-2.7824803164,7.1701850613,-6.3840508461
-2.7824803164,7.1701850613,-6.3840508461
-2.7824803164,7.1701850613,-6.3840508461
-2.7824803164,7.1701850613,-6.3840508461
-2.7824803164,7.1701850613,-6.3840508461
-2.7824803164,7.1701850613,-6.3840508461
-2.7824803164,7.1701850613,-6.3840508461
-2.8535087143,7.4077214963,-6.5683598518
-2.8898578423,7.9946898659,-6.9353985786
-2.8898578423,7.9946898659,-6.9353985786
-2.8898578423,7.9946898659,-6.9353985786
-2.8898578423,7.9946898659,-6.9353985786
-2.8937141104,8.0096769481,-6.9475865364
-2.8937141104,8.0096769481,-6.9475865364
-2.8899864745,7.9966928528,-6.9366164207
-2.8956279145,8.0144594353,-6.9517588615
-2.8956279145,8.0144594353,-6.9517588615
-2.8958772552,8.0147704790,-6.9519858360
-2.8958772552,8.0147704790,-6.9519858360
-2.8963433994,8.0153266488,-6.9526467323
-2.8963331155,8.0153153535,-6.9526219368
-2.8899864745,7.9966928528,-6.9366164207
-2.6627997882,6.7505329367,-6.0964283943
-2.8883328008,7.9928155113,-6.9333410263
-2.8899864745,7.9966928528,-6.9366164207
-2.8882034942,7.9926541732,-6.9331870079
-2.8894537383,7.9942092233,-6.9349679947
-5.7327924181,13.9182586451,-12.0888214111
-5.6373115988,13.7027240451,-11.9066143036
-2.8892667749,7.9939855078,-6.9347443581
-5.5972447815,13.6118186877,-11.8285217285
-2.8899864745,7.9966928528,-6.9366164207
-2.8899864745,7.9966928528,-6.9366164207
-2.8899864745,7.9966928528,-6.9366164207
-2.8899864745,7.9966928528,-6.9366164207
-2.8899864745,7.9966928528,-6.9366164207
-2.8877857347,7.9921440277,-6.9327435493
-2.8899864745,7.9966928528,-6.9366164207
-2.8899864745,7.9966928528,-6.9366164207
-2.8886087783,7.9931781428,-6.9338922501
-2.8880408074,7.9924695700,-6.9331202507
-2.8899864745,7.9966928528,-6.9366164207
-2.8899864745,7.9966928528,-6.9366164207
-2.8899864745,7.9966928528,-6.9366164207
-2.8899864745,7.9966928528,-6.9366164207
-2.8899864745,7.9966928528,-6.9366164207
-2.8899864745,7.9966928528,-6.9366164207
-2.8899864745,7.9966928528,-6.9366164207
-2.8899864745,7.9966928528,-6.9366164207
-2.8899864745,7.9966928528,-6.9366164207
-2.8899864745,7.9966928528,-6.9366164207
-2.8899864745,7.9966928528,-6.9366164207
-2.8899864745,7.9966928528,-6.9366164207
-2.8899864745,7.9966928528,-6.9366164207
-2.8120237399,6.9852964463,-6.3139991760
-2.5007581369,6.1485115673,-5.7286000252
-1.6416151976,6.6278722892,-5.5266971588
-1.7131743087,6.5506041346,-5.5471701622
-1.7111082702,6.5511980680,-5.5464777946
-1.7111082702,6.5511980680,-5.5464777946
-2.1110090328,6.2931541566,-5.6641812325
-2.1499243981,6.2563528772,-5.6682510376
-2.1499243981,6.2563528772,-5.6682510376
-2.1227393437,6.3054131575,-5.6798300743
-2.4573114796,6.1194764348,-5.7765002251
-2.1180291805,6.2993741885,-5.6837100983
-2.1127121026,6.2898056738,-5.6854748726
-2.1440965005,6.2577927821,-5.6865773201
-2.1145630236,6.3027297520,-5.6952886581
-2.1548461385,6.2691011187,-5.7001800537
-2.1548461385,6.2691011187,-5.7001800537
-2.1462107550,6.2700954472,-5.6959319115
-2.1371225458,6.2886110635,-5.7041864395
-2.1298512029,6.2936455888,-5.7140316963
-2.1298512029,6.2936455888,-5.7140316963
-2.1546987931,6.2949290447,-5.7406253815
-2.1313094838,6.3123193401,-5.7382659912
-2.1198829674,6.3156455694,-5.7342467308
-2.1289293670,6.3199850089,-5.7421584129
-2.1455910277,6.2921493757,-5.7378172874
-1.7354876932,6.5412092649,-5.6417021751
-1.7354876932,6.5412092649,-5.6417021751
-2.1626658962,6.2993072593,-5.7518191338
-2.1431296518,6.3113959870,-5.7476425171
-2.1490131833,6.3075705704,-5.7489399910
-2.1583414609,6.2864816361,-5.7538261414
-2.1553741542,6.2870893937,-5.7605671883
-2.1647408698,6.2963259598,-5.7730045319
