-0.5695407987,-0.1327694952,2.4827165604
0.1259650588,-0.1388627291,-0.5729960799
0.1259650588,-0.1388627291,-0.5729960799
-0.5096965432,0.1705060452,2.4342765808
-0.4896197617,0.1716093123,2.3404974937
-0.6924602389,0.2937163413,3.3237569332
-0.5671715736,0.2779924273,2.7235870361
-0.3498611152,0.1801535785,1.6818809509
-0.1808206737,0.1092367545,0.8814324141
-0.1888846159,0.1167992577,0.9214684963
-0.3577115238,0.2751291394,1.7596689463
-0.3909444213,0.3063044250,1.9247162342
-0.1705628335,0.3334154487,1.2543959618
-0.1808338761,0.3706604242,1.3940808773
-0.1799674332,0.3691823483,1.3886950016
-0.1762314588,0.3769344091,1.4180303812
0.1877459139,-0.2372299731,-0.9508023262
0.1877148300,-0.2371685356,-0.9505783319
0.1883333921,-0.2372471839,-0.9530185461
0.1876681000,-0.2370877266,-0.9502857924
0.1876681000,-0.2370877266,-0.9502857924
0.1883333921,-0.2372471839,-0.9530185461
0.2889881730,-0.3716392815,-1.6969593763
0.2554810643,-0.2849704623,-1.4530546665
0.1883333921,-0.2372471839,-0.9530185461
0.1883333921,-0.2372471839,-0.9530185461
0.1883333921,-0.2372471839,-0.9530185461
0.2790081203,-0.3383703828,-1.6499030590
0.2540825605,-0.2787464559,-1.4560379982
0.0776057467,0.2576104999,-0.8672069311
0.0776057467,0.2576104999,-0.8672069311
0.1986773908,-0.0937462449,-0.6568828225
0.1982243955,-0.0952556133,-0.6569041014
0.1982243955,-0.0952556133,-0.6569041014
0.1321992427,0.0706314892,-0.7612462044
0.1329925209,0.0680777282,-0.7596408129
0.1294889152,0.0604339503,-0.7524325848
0.1236297861,0.0668696016,-0.7562999725
0.1218895763,0.0684709251,-0.7570215464
0.1252537966,0.0557188690,-0.7488598824
0.1152981371,0.0674449876,-0.7563953996
0.1139954180,0.0691356882,-0.7567159534
0.1509679109,-0.1749207973,-0.7254495025
0.1509679109,-0.1749207973,-0.7254495025
-3.1239395142,-2.5238668919,-4.7091355324
-3.1239395142,-2.5238668919,-4.7091355324
0.5511156917,0.9962523580,-0.1944081187
0.4845461547,1.1306189299,-0.2227842808
0.6601040959,0.8153103590,0.0777079985
0.6360763311,0.7972927690,0.0659617409
0.6304472685,0.7976538539,0.0696064979
0.6304472685,0.7976538539,0.0696064979
0.6867179275,0.8058736324,0.1400372088
0.6867179275,0.8058736324,0.1400372088
0.6481820345,0.7936178446,0.0936930254
0.6199243665,0.7930998206,0.0592504777
0.6199243665,0.7930998206,0.0592504777
0.6399419904,0.7923372388,0.0948290825
0.6644840837,0.7976973057,0.1255399585
0.6272840500,0.7809834480,0.0950173587
0.5495712757,0.7440026402,0.0120697599
0.5495712757,0.7440026402,0.0120697599
0.5561487675,0.7399235964,0.0215646178
0.5561487675,0.7399235964,0.0215646178
0.5471732616,0.7388310432,0.0136797074
1.0771099329,0.4150305688,0.7266948223
0.6115232110,0.7696738839,0.0966761559
0.5707840919,0.7488022447,0.0472244658
0.5589933395,0.7304722667,0.0368039310
0.6046717167,0.7528722286,0.0946509987
0.6088091731,0.7634546757,0.0990969762
0.5442347527,0.7448009253,0.0211716350
0.6114997864,0.7797174454,0.1248442605
-1.2950656414,-1.1601551771,-2.1545264721
-1.2950656414,-1.1601551771,-2.1545264721
-1.2950656414,-1.1601551771,-2.1545264721
-1.2950656414,-1.1601551771,-2.1545264721
-1.2950656414,-1.1601551771,-2.1545264721
-1.2950656414,-1.1601551771,-2.1545264721
-1.2950656414,-1.1601551771,-2.1545264721
-0.8276440501,-0.6172475815,-1.5603542328
-1.2950656414,-1.1601551771,-2.1545264721
0.8402970433,0.4226198792,0.7866210938
0.8402970433,0.4226198792,0.7866210938
0.8173204064,0.4197337925,0.7585700750
0.8362115026,0.4235332608,0.7892025709
0.2357856035,0.7953308821,-0.4732052684
0.4834500849,0.1765985936,-0.0177783184
0.3469288349,0.4771948457,-0.2471833676
0.3330132663,0.5029569268,-0.2681167424
0.4698000252,0.2052270025,-0.0283842161
0.4670929313,0.2063494325,-0.0290864911
0.4670929313,0.2063494325,-0.0290864911
0.4667372704,0.2060880065,-0.0294103250
0.4667372704,0.2060880065,-0.0294103250
0.3419007063,0.4803212881,-0.2442938387
0.3286765218,0.5032379031,-0.2652547956
0.3286765218,0.5032379031,-0.2652547956
0.3313885331,0.4894710481,-0.2582361102
0.3269266486,0.5060450435,-0.2660329342
0.3350567520,0.4838418067,-0.2439044416
0.3289552629,0.4922313988,-0.2532907724
0.3285360038,0.4921506345,-0.2452432662
0.3285360038,0.4921506345,-0.2452432662
0.3197040856,0.4955278635,-0.2549637556
0.3183845580,0.4825435579,-0.2540271878
0.3150088191,0.5020693541,-0.2521416545
0.3150088191,0.5020693541,-0.2521416545
0.3108319640,0.5066675544,-0.2583235502
0.3088450134,0.5021353960,-0.2571837604
0.3159230947,0.4833403230,-0.2411538661
0.3116371632,0.4941068888,-0.2485412955
0.3181708753,0.4776219428,-0.2339969575
0.3156374693,0.4801958501,-0.2372673303
0.3006193042,0.5011549592,-0.2575601935
0.2971903980,0.5015406013,-0.2543011010
0.2957081497,0.5000286698,-0.2556290925
0.1836909950,0.7174626589,-0.4254358709
0.1841069311,0.7121428251,-0.4217875898
0.1827176660,0.7146179676,-0.4221126437
-1.4736410379,-1.2492709160,-1.8195122480
-1.4736410379,-1.2492709160,-1.8195122480
-1.4736410379,-1.2492709160,-1.8195122480
-1.4736410379,-1.2492709160,-1.8195122480
-1.4736410379,-1.2492709160,-1.8195122480
-1.4736410379,-1.2492709160,-1.8195122480
-1.4736410379,-1.2492709160,-1.8195122480
-1.4736410379,-1.2492709160,-1.8195122480
-1.4736410379,-1.2492709160,-1.8195122480
-1.4736410379,-1.2492709160,-1.8195122480
-1.4736410379,-1.2492709160,-1.8195122480
-1.4736410379,-1.2492709160,-1.8195122480
-1.4736410379,-1.2492709160,-1.8195122480
-1.4736410379,-1.2492709160,-1.8195122480
-1.4736410379,-1.2492709160,-1.8195122480
-1.4736410379,-1.2492709160,-1.8195122480
-1.4736410379,-1.2492709160,-1.8195122480
-1.4736410379,-1.2492709160,-1.8195122480
-1.4736410379,-1.2492709160,-1.8195122480
-1.4736410379,-1.2492709160,-1.8195122480
-1.4736410379,-1.2492709160,-1.8195122480
-1.4736410379,-1.2492709160,-1.8195122480
-1.4736410379,-1.2492709160,-1.8195122480
-1.4736410379,-1.2492709160,-1.8195122480
-1.4736410379,-1.2492709160,-1.8195122480
-1.4736410379,-1.2492709160,-1.8195122480
-1.4736410379,-1.2492709160,-1.8195122480
-1.4736410379,-1.2492709160,-1.8195122480
-1.4736410379,-1.2492709160,-1.8195122480
-1.4736410379,-1.2492709160,-1.8195122480
-1.4736410379,-1.2492709160,-1.8195122480
-1.4736410379,-1.2492709160,-1.8195122480
-1.4736410379,-1.2492709160,-1.8195122480
-1.4736410379,-1.2492709160,-1.8195122480
-1.4736410379,-1.2492709160,-1.8195122480
-1.4736410379,-1.2492709160,-1.8195122480
-1.4736410379,-1.2492709160,-1.8195122480
-1.4736410379,-1.2492709160,-1.8195122480
-1.4736410379,-1.2492709160,-1.8195122480
-1.4736410379,-1.2492709160,-1.8195122480
-1.4736410379,-1.2492709160,-1.8195122480
-1.4736410379,-1.2492709160,-1.8195122480
-1.4736410379,-1.2492709160,-1.8195122480
-1.4736410379,-1.2492709160,-1.8195122480
-1.4736410379,-1.2492709160,-1.8195122480
-1.4736410379,-1.2492709160,-1.8195122480
-1.4736410379,-1.2492709160,-1.8195122480
-0.1789182276,0.3705683649,-0.9847073555
-0.1779952198,0.3829186559,-0.9842941165
-0.1831930876,0.3846428394,-0.9908041358
-0.1321858615,-0.2216058969,-0.6932400465
-0.0063242982,0.2804815173,-0.6954765320
-0.0063242982,0.2804815173,-0.6954765320
0.0270655993,0.3032055497,-0.6418125629
0.0089767305,0.3026987910,-0.6604414582
-0.0025573736,0.2643487155,-0.6554026604
0.0201256759,0.3116672039,-0.6442413330
0.0149971191,0.2751189172,-0.6358407140
-0.0069590351,0.3017873466,-0.6502612829
-0.0085304556,0.3107203841,-0.6544966102
-0.0081991488,0.3072881103,-0.6511803269
-0.0081991488,0.3072881103,-0.6511803269
0.0087974677,0.2952542305,-0.6233000159
-0.0049403370,0.3066874444,-0.6426315308
-0.0070300056,0.2801948786,-0.6227450967
-0.0089889094,0.3189659417,-0.6356316209
-0.0157456994,0.3179105222,-0.6413064003
-0.0157456994,0.3179105222,-0.6413064003
-0.0018034249,0.2923552692,-0.6106418967
0.5070886016,0.1091890335,0.1072146967
-0.2269718349,0.4373274744,-0.9070195556
-0.2265381813,0.4384706318,-0.9027805328
-0.3145318925,0.3828574419,-0.9828816652
-0.3110319376,0.4010406435,-0.9822431803
0.1593679935,-0.0323293805,-0.1381664574
0.2415795475,0.0066049644,-0.0402775221
0.2415795475,0.0066049644,-0.0402775221
-0.4674724638,0.1917835027,-0.9463748336
-3.1726839542,-3.2994801998,-3.2307322025
-3.1726839542,-3.2994801998,-3.2307322025
-1.9909654856,-1.9260188341,-2.3215589523
0.6613018513,1.4618965387,-0.3711369336
0.6613018513,1.4618965387,-0.3711369336
0.6428438425,1.4454226494,-0.3859152198
0.4980413020,1.2605805397,-0.4918231964
0.4819210172,1.2453569174,-0.5032120347
-0.0922410563,-0.2216522992,-0.6524125934
-0.0859703496,-0.2104854137,-0.6323007941
-0.4779819548,-0.2266671658,-1.0940259695
-0.4223663807,-0.1952632070,-1.0303882360
-0.4367375076,-0.2070395797,-1.0432374477
-0.4202286005,-0.1919183135,-1.0226131678
-0.4182006121,-0.1841970831,-1.0221632719
-0.4182006121,-0.1841970831,-1.0221632719
-0.4576084316,-0.2131817937,-1.0595449209
-0.4379278123,-0.1866010278,-1.0386416912
-0.4222943485,-0.1809488982,-1.0211000443
-0.4476859570,-0.1968650371,-1.0408488512
-0.4665260911,-0.2083508223,-1.0582209826
-0.4737837017,-0.2075208277,-1.0601261854
-0.4737837017,-0.2075208277,-1.0601261854
-0.4846311808,-0.2123612463,-1.0715858936
-0.4803285599,-0.2101510912,-1.0657792091
-0.4462135136,-0.1934683174,-1.0266041756
-0.4629247487,-0.1994565874,-1.0449348688
-0.4778797626,-0.2099628896,-1.0594596863
-0.4325112998,-0.1849463135,-1.0098910332
-0.4325112998,-0.1849463135,-1.0098910332
-0.4402325451,-0.1894250214,-1.0179561377
-0.4846509993,-0.2099537253,-1.0636981726
-0.4306451380,-0.1756693423,-1.0029567480
-0.4371045530,-0.1748245060,-1.0031709671
-1.1640865803,-0.8648576140,-1.7191377878
-1.1640892029,-0.8648378253,-1.7191159725
-1.1048634052,-1.1369144917,-1.5355125666
-1.1060804129,-1.1362551451,-1.5364544392
-1.1100158691,-1.1329907179,-1.5406033993
-1.1100158691,-1.1329907179,-1.5406033993
-1.1100176573,-1.1329207420,-1.5404295921
-1.1647351980,-0.8574557900,-1.7098057270
-1.1428016424,-0.9881817102,-1.6241527796
-1.1446757317,-0.9888082147,-1.6224999428
-1.1460319757,-0.9818956852,-1.6261245012
-1.1474673748,-0.9734829068,-1.6307251453
-1.1482502222,-0.9820557237,-1.6254369020
-1.1474857330,-0.9877163172,-1.6223260164
-1.1511520147,-0.9798893929,-1.6257299185
-1.1533645391,-0.9772344828,-1.6252028942
-1.1533645391,-0.9772344828,-1.6252028942
-1.1545090675,-0.9744157791,-1.6275322437
-1.1539525986,-0.9753755927,-1.6258292198
-1.1533870697,-0.9882496595,-1.6176362038
-1.1533870697,-0.9882496595,-1.6176362038
-1.1568195820,-0.9756215811,-1.6251143217
-1.1560729742,-0.9818680286,-1.6210675240
-1.1587346792,-0.9894536734,-1.6157033443
-1.1589671373,-0.9889646173,-1.6158463955
-1.1872056723,-1.1894662380,-1.4897137880
-1.1142508984,-1.0767208338,-1.3979125023
-1.1031677723,-1.5296212435,-2.5441300869
-1.1030182838,-1.5327227116,-2.5516211987
-1.1462304592,-1.0584186316,-1.7637376785
-1.1433132887,-1.0962153673,-1.8028309345
-1.1433132887,-1.0962153673,-1.8028309345
-1.1433423758,-1.1030662060,-1.8107599020
-1.1480654478,-1.0639665127,-1.7705575228
-1.1468408108,-1.0777390003,-1.7830287218
-1.1487437487,-1.0600745678,-1.7656717300
-1.1456522942,-1.0895798206,-1.7950009108
-1.1506977081,-1.0627402067,-1.7669658661
-1.0321946144,-2.0254027843,-4.1398863792
-1.2025593519,-0.8462295532,-1.7120084763
-1.1033413410,-1.5315506458,-2.5497038364
-1.1033407450,-1.5315583944,-2.5497283936
-1.1030182838,-1.5327227116,-2.5516211987
-1.1030182838,-1.5327227116,-2.5516211987
-1.1030182838,-1.5327227116,-2.5516211987
-1.1030182838,-1.5327227116,-2.5516211987
-1.1030182838,-1.5327227116,-2.5516211987
-1.1282962561,-1.8573356867,-3.4960181713
-1.1283783913,-1.8573797941,-3.4962723255
-1.1283783913,-1.8573797941,-3.4962723255
-1.1296129227,-1.8594675064,-3.5023193359
-0.9974860549,-1.6817538738,-2.8656525612
-1.1283684969,-1.8573735952,-3.4962227345
-1.1256042719,-1.8525357246,-3.4811515808
-1.1283935308,-1.8573923111,-3.4962847233
-1.1292681694,-1.8592405319,-3.5015039444
-1.1262247562,-1.8531113863,-3.4826273918
-1.1284637451,-1.8574458361,-3.4964623451
-1.1284637451,-1.8574458361,-3.4964623451
-1.1284577847,-1.8574424982,-3.4964258671
-1.1284680367,-1.8574531078,-3.4964363575
-1.1284970045,-1.8574755192,-3.4965007305
-1.1290185452,-1.8624491692,-3.5108106136
-1.1290185452,-1.8624491692,-3.5108106136
-1.1284965277,-1.8575013876,-3.4964694977
-1.1284992695,-1.8575122356,-3.4964761734
-1.1284997463,-1.8575158119,-3.4964780807
-1.1285003424,-1.8575119972,-3.4964783192
-1.1285003424,-1.8575119972,-3.4964783192
-1.1285023689,-1.8575123549,-3.4964828491
-1.1285072565,-1.8575230837,-3.4964954853
-1.1238363981,-1.7678078413,-2.9343087673
-1.1285120249,-1.8575277328,-3.4965066910
-1.1285364628,-1.8599293232,-3.5120615959
-1.1285364628,-1.8599293232,-3.5120615959
-1.1285171509,-1.8575322628,-3.4965186119
-1.1285265684,-1.8575476408,-3.4965438843
-1.1285277605,-1.8575522900,-3.4965488911
-1.1285277605,-1.8575522900,-3.4965488911
-1.1280145645,-1.8594328165,-3.5108010769
-1.1306408644,-1.8494613171,-3.4447224140
-1.1285315752,-1.8575584888,-3.4965598583
-1.1290365458,-1.8553044796,-3.4888756275
-1.1285321712,-1.8575623035,-3.4965636730
-1.1285321712,-1.8575624228,-3.4965639114
-1.1285405159,-1.8575208187,-3.4965772629
-1.1285393238,-1.8575270176,-3.4965691566
-1.1285375357,-1.8575389385,-3.4965627193
-1.1285375357,-1.8575389385,-3.4965627193
-1.1285375357,-1.8575389385,-3.4965627193
-1.1285375357,-1.8575389385,-3.4965627193
-1.1622192860,-1.7548712492,-3.0826847553
-1.1285473108,-1.8575347662,-3.4965867996
-1.1285433769,-1.8575552702,-3.4965794086
-1.1285433769,-1.8575552702,-3.4965794086
-1.1285585165,-1.8575246334,-3.4966361523
-1.1285598278,-1.8575255871,-3.4966392517
-1.1282498837,-1.8583952188,-3.4992086887
-1.1271328926,-1.8609552383,-3.5064568520
-0.2156700492,-1.1610951424,-1.7628861666
-0.2301950008,-1.1834537983,-1.8208193779
-0.7447401285,-1.5609146357,-2.6225662231
-0.7447401285,-1.5609146357,-2.6225662231
-0.7447401285,-1.5609146357,-2.6225662231
-0.7447401285,-1.5609146357,-2.6225662231
-0.7447401285,-1.5609146357,-2.6225662231
-0.7447401285,-1.5609146357,-2.6225662231
-0.7447401285,-1.5609146357,-2.6225662231
-0.7447401285,-1.5609146357,-2.6225662231
-0.7447401285,-1.5609146357,-2.6225662231
-0.4493120015,-1.3345125914,-2.0766088963
-0.4475274086,-1.3333436251,-2.0745012760
-0.4210441709,-1.3160375357,-2.0432369709
-0.3847715557,-1.3900175095,-2.2328021526
-0.3847715557,-1.3900175095,-2.2328021526
-0.0466371588,-0.9361506701,-1.3180919886
-5.7732381821,-8.0854024887,-8.1712427139
-5.7578620911,-8.1573066711,-8.0152978897
-5.8292574883,-8.2226762772,-8.0786876678
-0.9799175262,-1.4695237875,-2.6596252918
-0.8231916428,-1.3606270552,-2.4639506340
-0.7508825064,-1.3215997219,-2.3876056671
-2.8871269226,-2.0705013275,-4.2484364510
-2.6394448280,-2.6866118908,-3.8746323586
-2.6156272888,-2.7344236374,-3.8449351788
-2.6368520260,-2.6970605850,-3.8549511433
-2.6386935711,-2.6986005306,-3.8530836105
-2.6386935711,-2.6986005306,-3.8530836105
-2.6463661194,-2.6808705330,-3.8593127728
-2.6352858543,-2.7044928074,-3.8482372761
-2.6435990334,-2.6896553040,-3.8513407707
-2.6491014957,-2.6802697182,-3.8562266827
-2.6403329372,-2.6955616474,-3.8461329937
-2.6337409019,-2.7089412212,-3.8402202129
-2.6591615677,-2.6618149281,-3.8617155552
-2.5685806274,-3.0289194584,-3.5409290791
-2.5656089783,-3.0358135700,-3.5373051167
-2.5643241405,-3.0388357639,-3.5307643414
-2.5679008961,-3.0372717381,-3.5326457024
-2.5662069321,-3.0485405922,-3.5315895081
-2.5692088604,-3.0388014317,-3.5295715332
-2.5665721893,-3.0666329861,-3.5065312386
-3.0433247089,-2.5367608070,-3.8399350643
-2.5873777866,-3.2126553059,-3.3749175072
-2.8350670338,-2.8681364059,-3.5514762402
-2.8343982697,-2.8670723438,-3.5455760956
-2.8668258190,-2.8488433361,-3.5614218712
-2.8821933270,-2.9238162041,-3.4890043736
-2.8443412781,-3.0825529099,-3.3916220665
-2.8467853069,-3.0862751007,-3.3848507404
-2.8473842144,-3.0900537968,-3.3814260960
-1.8424339294,-0.8297985196,-0.5817381740
-1.8424339294,-0.8297985196,-0.5817381740
-1.8755701780,-0.8681297898,-0.7141392231
-1.7886079550,-0.6874802113,-0.3616389334
-1.7917034626,-0.6943069100,-0.3806467950
-1.9963772297,-1.0125451088,-1.1499515772
-1.9963643551,-1.0125257969,-1.1499035358
-1.9963437319,-1.0124946833,-1.1498261690
-1.9961960316,-1.0122712851,-1.1492704153
-1.9960260391,-1.0120128393,-1.1486291885
-1.9958018064,-1.0116549730,-1.1477341652
-1.9957777262,-1.0116018057,-1.1475957632
-1.9957482815,-1.0115540028,-1.1474758387
-1.9957436323,-1.0115429163,-1.1474473476
-1.9957419634,-1.0115399361,-1.1474399567
-1.9841682911,-0.9959933758,-1.1171796322
-1.9842309952,-0.9960379601,-1.1173628569
-1.9842581749,-0.9960609674,-1.1174461842
-1.9842759371,-0.9960698485,-1.1174927950
-1.9957219362,-1.0114878416,-1.1473072767
-1.9137452841,-0.8363205194,-0.9259176850
-2.3654854298,-1.4912885427,-3.5157999992
-2.3782017231,-1.4830387831,-3.5042388439
-2.3782017231,-1.4830387831,-3.5042388439
-2.3887388706,-1.4887927771,-3.5037069321
-1.6784203053,-0.5218379498,0.2403602302
-1.6784203053,-0.5218379498,0.2403602302
-2.4071674347,-1.4973207712,-3.5016224384
-2.2783663273,-1.6667541265,-3.3782248497
-2.2750933170,-1.6727173328,-3.3662300110
-2.2768795490,-1.6702030897,-3.3627173901
-2.2845418453,-1.6692061424,-3.3773610592
-2.2845418453,-1.6692061424,-3.3773610592
-2.2875058651,-1.6692775488,-3.3623957634
-2.2864494324,-1.6845395565,-3.3537402153
-2.2667484283,-1.6882573366,-3.2923231125
-2.2989943027,-1.7043093443,-3.3691117764
-2.3042991161,-1.7057499886,-3.3633842468
-2.3198385239,-1.7459883690,-3.4326212406
-2.2939336300,-1.7107329369,-3.2391958237
-2.2939336300,-1.7107329369,-3.2391958237
-2.2902774811,-1.7121313810,-3.2107810974
-2.5340979099,-1.5948829651,-3.4888896942
-2.5396769047,-1.6190338135,-3.4764056206
-2.5396769047,-1.6190338135,-3.4764056206
-2.5388491154,-1.6580845118,-3.5015552044
-2.4510629177,-1.6905014515,-2.9634392262
-2.0118846893,-1.3013920784,-1.4181394577
-2.6606349945,-1.7487660646,-5.4917674065
-2.6606349945,-1.7487660646,-5.4917674065
-2.6689963341,-1.7582997084,-5.4928774834
-2.7014727592,-1.8029997349,-5.5110988617
-2.2945849895,-1.6634026766,-3.4169306755
-3.0243206024,-1.9289588928,-5.5478663445
-3.0207777023,-1.9916986227,-5.3907346725
-2.6476659775,-3.2175328732,-5.2927293777
-2.6476659775,-3.2175328732,-5.2927293777
-2.7132987976,-3.2060940266,-5.2699460983
-2.7004928589,-3.2395210266,-5.0750999451
-2.7004928589,-3.2395210266,-5.0750999451
-2.7279975414,-3.3417832851,-5.2229924202
-2.7835505009,-3.4616925716,-5.3077135086
-2.7835505009,-3.4616925716,-5.3077135086
-2.6553678513,-3.6567399502,-4.9868583679
-1.7261073589,-0.3336641788,-1.6500121355
-1.6798909903,-0.2629729509,-1.4557815790
-1.6798909903,-0.2629729509,-1.4557815790
-1.6805050373,-0.2642547488,-1.4576846361
-1.6805787086,-0.2644083202,-1.4579124451
-1.6805787086,-0.2644083202,-1.4579124451
-1.9434159994,-0.8450913429,-2.2887217999
-1.9510960579,-0.8790897727,-2.3203105927
-1.6734148264,-0.2495103180,-1.4358073473
-1.6734148264,-0.2495103180,-1.4358073473
-1.6723299026,-0.2472934425,-1.4325484037
-1.8372356892,-0.6640549302,-1.9719761610
-1.8302313089,-0.6540075541,-1.9524352551
-1.7715570927,-0.2806714773,-1.6317672729
-1.7736780643,-0.1439901590,-1.5471044779
-1.7483252287,-0.2585090101,-1.5992745161
-1.7456436157,-0.2618981302,-1.5994850397
-1.7377895117,-0.3178119659,-1.6292048693
-1.7283269167,-0.2991508543,-1.6080646515
-1.7290052176,-0.3006359935,-1.6098643541
-1.7284377813,-0.3031821549,-1.6109385490
-1.7699873447,-0.3954150677,-1.7349523306
-1.7699871063,-0.3970909417,-1.7361861467
-1.7699880600,-0.3988687992,-1.7374933958
-1.7699791193,-0.4015348256,-1.7394672632
-1.6429010630,0.9384281039,-0.7536198497
-1.7547659874,-0.1813334227,-1.5608994961
-1.7499321699,-0.1970804781,-1.5668575764
-2.0519332886,1.1952282190,-0.9096251130
-2.0519332886,1.1952282190,-0.9096251130
-1.4986852407,-1.0202841759,-1.8781656027
-1.4986852407,-1.0202841759,-1.8781656027
-1.4986852407,-1.0202841759,-1.8781656027
-1.4986852407,-1.0202841759,-1.8781656027
-1.4986852407,-1.0202841759,-1.8781656027
-1.4986852407,-1.0202841759,-1.8781656027
-1.5378519297,-1.3506257534,-2.1448998451
-1.4986852407,-1.0202841759,-1.8781656027
-1.4986852407,-1.0202841759,-1.8781656027
-1.4986852407,-1.0202841759,-1.8781656027
-0.0004765574,-7.2409210205,-5.1677532196
-0.4369603395,-5.5772018433,-4.2954545021
-0.4369603395,-5.5772018433,-4.2954545021
-0.4745579362,-5.4339160919,-4.2203073502
-1.5087257624,-1.2703605890,-2.1156878471
-1.4048931599,-1.8825627565,-2.3594810963
-1.4048069715,-1.8829112053,-2.3596394062
-1.4452364445,-1.1704008579,-2.0439722538
-1.4452364445,-1.1704008579,-2.0439722538
-1.4047024250,-1.8833365440,-2.3598301411
-1.4046396017,-1.8835911751,-2.3599388599
-1.2283930779,-2.2572555542,-2.5343894958
-1.6734840870,-0.8632912040,-1.8246282339
-1.6734840870,-0.8632912040,-1.8246282339
1.7182683945,-9.2674732208,-7.3776750565
1.0722872019,-7.5728578568,-6.3062896729
1.0610160828,-7.5483164787,-6.2909979820
0.5088483095,-6.3252663612,-5.5480685234
-0.0642540604,-4.9950280190,-4.7191019058
2.7114567757,-12.8698225021,-10.7515811920
2.6495640278,-12.7977418900,-10.7143850327
2.5286095142,-12.5245504379,-10.5330562592
2.5286095142,-12.5245504379,-10.5330562592
1.3962786198,-8.1702985764,-4.5073590279
5.4242682457,-8.2443046570,-5.9930291176
5.4132027626,-8.1451282501,-6.0235290527
2.1872444153,-8.9168033600,-6.3186397552
4.5897235870,-7.9321503639,-6.5810928345
4.6293873787,-7.9536356926,-6.6571569443
4.5794863701,-7.9628520012,-6.6562914848
4.6191997528,-7.9596214294,-6.6838502884
4.6141972542,-7.9741210938,-6.6933135986
4.5773806572,-8.0018787384,-6.7464609146
4.5860161781,-8.0179252625,-6.7647290230
4.5963253975,-7.9933328629,-6.7611942291
4.6220989227,-8.0148763657,-6.7982058525
4.6828627586,-8.0109262466,-6.8117842674
4.6828627586,-8.0109262466,-6.8117842674
4.5840001106,-8.0210733414,-6.8012475967
4.6792216301,-8.0229015350,-6.8539290428
4.6274504662,-8.0355186462,-6.8705725670
4.6778802872,-8.0490369797,-6.9042353630
4.5997104645,-8.0810451508,-6.9343881607
4.6171708107,-8.0737838745,-6.9681000710
4.6160831451,-8.1129283905,-6.9922604561
4.6122388840,-8.1094284058,-6.9904150963
4.5693206787,-8.0939588547,-6.9915094376
4.5634822845,-8.1342296600,-7.0243673325
4.6423735619,-8.1367797852,-7.0620651245
4.5807776451,-8.1357164383,-7.0510730743
4.6567544937,-8.1330127716,-7.0897231102
4.5805611610,-8.0934038162,-7.0834121704
1.6318911314,-8.6392955780,-6.5786309242
1.6557883024,-8.6197528839,-6.5846934319
1.6557883024,-8.6197528839,-6.5846934319
1.6458814144,-8.6287870407,-6.5958662033
1.6428472996,-8.6224069595,-6.5932383537
1.7462399006,-8.5137338638,-6.6872277260
1.5402969122,-8.4864158630,-6.7892928123
1.4140806198,-8.4656896591,-6.8706374168
2.0913863182,-9.6714801788,-7.6573152542
3.1133787632,-8.0145387650,-7.2205195427
1.3318896294,-8.4304304123,-6.9651756287
1.2510735989,-8.4131145477,-7.0277075768
1.2396535873,-8.4183835983,-7.0333251953
1.1818726063,-8.3991880417,-7.0715970993
1.1566162109,-8.3956117630,-7.0729608536
1.1984850168,-8.3969154358,-7.0942606926
1.1817687750,-8.4034690857,-7.1024260521
1.8329995871,-8.2541265488,-7.3243336678
1.8221944571,-8.2483615875,-7.3326063156
1.0622370243,-8.3823432922,-7.2763638496
1.0311902761,-8.3901367188,-7.2962684631
1.0655905008,-8.3864326477,-7.3154411316
1.0398693085,-8.3886528015,-7.3426423073
1.2432496548,-8.4590196609,-7.4864697456
1.0058737993,-8.3883142471,-7.4257178307
6.5539727211,-10.5613107681,-6.6512084007
5.4831056595,-10.4467353821,-6.7836389542
4.5099186897,-10.2594614029,-6.9632873535
7.1659636497,-9.1879234314,-7.3146595955
6.2892637253,-9.6147603989,-7.3123402596
6.2207880020,-9.6346025467,-7.3182926178
6.3000349998,-9.6436834335,-7.3367943764
6.2783651352,-9.6176948547,-7.3332576752
6.3053402901,-9.6502094269,-7.3683700562
6.3053402901,-9.6502094269,-7.3683700562
6.2354483604,-9.6498317719,-7.3560590744
6.2412853241,-9.6638717651,-7.3651385307
6.2843861580,-9.6691188812,-7.3945546150
6.2539710999,-9.6793155670,-7.4090104103
6.2539710999,-9.6793155670,-7.4090104103
6.2856626511,-9.6759414673,-7.4151234627
6.2856626511,-9.6759414673,-7.4151234627
6.2772054672,-9.6840200424,-7.4369716644
6.2997555733,-9.6925067902,-7.4587426186
6.2505993843,-9.7100200653,-7.4763765335
6.2972931862,-9.7111387253,-7.4974689484
6.2897295952,-9.7276678085,-7.5086674690
6.2554759979,-9.7385559082,-7.5266361237
6.2424454689,-9.7603006363,-7.5749158859
6.2329697609,-9.7582397461,-7.5875015259
4.0312862396,-10.1574211121,-7.2898631096
6.3728184700,-9.7692670822,-7.6561102867
6.3707723618,-9.7914142609,-7.6632957458
6.2456316948,-9.7772417068,-7.6409983635
6.2342786789,-9.8051242828,-7.6744232178
6.2073283195,-9.8044729233,-7.6819238663
6.3881888390,-9.8039350510,-7.7188463211
6.2281150818,-9.8130035400,-7.7148361206
6.3063182831,-9.8025703430,-7.7317152023
6.3866658211,-9.8376522064,-7.7827739716
6.3469977379,-9.8612499237,-7.8153610229
6.3678307533,-9.8736963272,-7.8617801666
6.3406772614,-9.9021348953,-7.8798937798
6.3074712753,-9.9572572708,-7.9242801666
6.2586541176,-9.9372148514,-7.9145641327
6.3763136864,-9.9415493011,-7.9508709908
6.3092956543,-9.9434576035,-7.9384741783
6.2719941139,-9.9378585815,-7.9308037758
2.3763945103,-10.1491737366,-7.2114877701
6.2344465256,-9.9372682571,-7.9304547310
2.3633639812,-10.1584825516,-7.2242836952
6.3896770477,-9.9441900253,-7.9789810181
6.3089165688,-9.9647159576,-7.9749937057
6.3721079826,-9.9812822342,-7.9987583160
6.4127244949,-9.9791927338,-8.0114831924
6.2916393280,-9.9580812454,-7.9957976341
6.3896641731,-9.9752483368,-8.0334281921
6.2453341484,-9.9915704727,-8.0097579956
6.2366037369,-9.9988803864,-8.0195531845
6.3041920662,-9.9932680130,-8.0360269547
6.3927159309,-10.0323085785,-8.0804214478
6.2265796661,-9.9859733582,-8.0311889648
6.2655982971,-10.0199193954,-8.0719003677
6.2819910049,-10.0212841034,-8.0858936310
6.2819910049,-10.0212841034,-8.0858936310
6.3032579422,-10.0361986160,-8.1106424332
6.3032579422,-10.0361986160,-8.1106424332
6.9734044075,-10.1754398346,-8.3413228989
6.2860774994,-10.0600690842,-8.1592826843
6.3124108315,-10.0803537369,-8.1905927658
6.2451324463,-10.0855922699,-8.1858816147
6.2408056259,-10.1147432327,-8.2523651123
6.2816381454,-10.1137399673,-8.2708063126
6.2981343269,-10.1397247314,-8.2903585434
6.2445311546,-10.1307315826,-8.2873535156
6.2883877754,-10.1388502121,-8.3066101074
6.2516136169,-10.1509189606,-8.3170814514
6.2969102859,-10.1442890167,-8.3412218094
7.0425920486,-9.4524059296,-8.3358469009
2.1732828617,-9.9346208572,-7.4733343124
2.1757435799,-9.9300041199,-7.4908113480
2.1757435799,-9.9300041199,-7.4908113480
2.1561868191,-9.9238348007,-7.4859662056
2.1137969494,-9.9417686462,-7.5071282387
2.0437865257,-9.8945255280,-7.5928840637
2.0437865257,-9.8945255280,-7.5928840637
1.8719341755,-9.8277521133,-7.7124052048
1.8643661737,-9.8457479477,-7.7207651138
1.8643661737,-9.8457479477,-7.7207651138
1.8589723110,-9.8412284851,-7.7357449532
1.7956948280,-9.8180379868,-7.7959990501
1.7337070704,-9.7957277298,-7.8420934677
1.7373176813,-9.7816343307,-7.8536591530
1.6163905859,-9.7632141113,-7.9947896004
1.5443278551,-9.7907400131,-8.3125162125
0.8252516389,-10.1493911743,-8.4099540710
-1.6814583540,-3.9056570530,-5.6100196838
1.0417373180,-7.7026262283,-7.4292044640
1.0417373180,-7.7026262283,-7.4292044640
0.9682536125,-7.5425343513,-7.4012222290
1.0013281107,-7.6398620605,-7.4596776962
1.0175213814,-7.6852889061,-7.5082745552
-6.4480853081,6.9869751930,-2.2240719795
-4.1561083794,1.4814791679,-4.1254677773
-1.6774909496,-1.7363445759,-5.5161623955
0.2694152296,-6.5893683434,-7.4245147705
-2.2316048145,-0.4151514173,-5.0286355019
0.4863370359,-6.9267730713,-7.6057596207
0.5230501890,-7.0057263374,-7.6384325027
0.2457263470,-6.4999480247,-7.4248428345
0.2457263470,-6.4999480247,-7.4248428345
-16.0785274506,11.3842058182,1.5748548508
-16.0785274506,11.3842058182,1.5748548508
-2.9657847881,0.5025634170,-4.6184492111
-2.8029716015,0.0811470598,-4.7546010017
-2.9657847881,0.5025634170,-4.6184492111
-2.9657847881,0.5025634170,-4.6184492111
-2.9657847881,0.5025634170,-4.6184492111
-2.9657847881,0.5025634170,-4.6184492111
-3.5156347752,0.9547571540,-4.3907251358
-3.5156347752,0.9547571540,-4.3907251358
-2.6417269707,-0.0724000186,-4.8400754929
-2.9657847881,0.5025634170,-4.6184492111
-3.4679627419,0.9477412701,-4.3950057030
-3.4679627419,0.9477412701,-4.3950057030
-2.9657847881,0.5025634170,-4.6184492111
-2.9657847881,0.5025634170,-4.6184492111
-2.9657847881,0.5025634170,-4.6184492111
-2.9078545570,-1.5434045792,-5.8769140244
-3.7410118580,1.0066770315,-4.2378010750
-3.8404140472,1.0294893980,-4.1823568344
-3.9107115269,1.0452105999,-4.1425352097
-3.7410118580,1.0066770315,-4.2378010750
-3.7410118580,1.0066770315,-4.2378010750
-3.7410118580,1.0066770315,-4.2378010750
-3.7410118580,1.0066770315,-4.2378010750
-3.7729778290,1.0411477089,-4.2176942825
-3.7410118580,1.0066770315,-4.2378010750
-3.8167254925,1.0267245770,-4.1862263680
-3.8167254925,1.0267245770,-4.1862263680
-3.7410118580,1.0066770315,-4.2378010750
-3.7410118580,1.0066770315,-4.2378010750
-3.7410118580,1.0066770315,-4.2378010750
-3.7703151703,1.0280255079,-4.2169871330
-3.7410118580,1.0066770315,-4.2378010750
-3.7656188011,1.0406597853,-4.2206964493
-3.7533686161,1.0094199181,-4.2289352417
-3.7410118580,1.0066770315,-4.2378010750
-3.7655153275,1.0587482452,-4.2191500664
-3.7634639740,1.0310002565,-4.2207751274
-3.7410118580,1.0066770315,-4.2378010750
-3.7410118580,1.0066770315,-4.2378010750
-3.7410118580,1.0066770315,-4.2378010750
-3.7410118580,1.0066770315,-4.2378010750
-3.7410118580,1.0066770315,-4.2378010750
-3.7394556999,1.0048176050,-4.2393727303
-3.7410118580,1.0066770315,-4.2378010750
-3.7394971848,1.0048215389,-4.2393922806
-3.7410118580,1.0066770315,-4.2378010750
-3.7410118580,1.0066770315,-4.2378010750
-3.7260041237,0.9579715729,-4.2682118416
-3.7410118580,1.0066770315,-4.2378010750
-2.2572834492,1.2679765224,-5.7213749886
-2.3368873596,1.2774525881,-5.7057585716
-1.7586371899,2.0142381191,-5.5504212379
-1.8330961466,2.1818053722,-5.3312811852
-1.8330961466,2.1818053722,-5.3312811852
-1.8177503347,2.1446886063,-5.4384455681
-1.8177503347,2.1446886063,-5.4384455681
-2.3899936676,1.3237671852,-5.7609877586
-2.4707081318,1.2228776217,-5.8562736511
-1.9012136459,2.2910389900,-5.3107657433
-1.9247872829,2.3209450245,-5.2801642418
-1.8371763229,2.1085774899,-5.6901407242
-1.9258242846,2.3241012096,-5.2921361923
-1.8860864639,2.2344186306,-5.4817538261
-1.8860864639,2.2344186306,-5.4817538261
-1.9382536411,2.3312067986,-5.2857723236
-2.6229588985,1.6916041374,-5.1658301353
-1.9057080746,2.2469685078,-5.5105500221
-1.9057080746,2.2469685078,-5.5105500221
-4.8349676132,1.1780363321,-4.5993642807
-4.8127250671,1.1821877956,-4.6076321602
-4.8230962753,1.1824965477,-4.6029863358
-4.8443932533,1.1809693575,-4.5940041542
-4.8443932533,1.1809693575,-4.5940041542
-4.8062477112,1.1845951080,-4.6097316742
-4.8332223892,1.1774996519,-4.6023855209
-4.5949072838,1.1148395538,-4.7733139992
-4.8020958900,1.1856722832,-4.6155548096
-4.8027329445,1.1853425503,-4.6155180931
-4.8022985458,1.1855686903,-4.6155443192
-4.8025670052,1.1854294538,-4.6155285835
-4.8054385185,1.1874966621,-4.6123938560
-4.8580169678,1.1833733320,-4.5887293816
-4.8580269814,1.1833727360,-4.5887322426
-4.8580269814,1.1833727360,-4.5887322426
-6.4149169922,0.7163738012,-4.0533442497
-4.0271801949,1.5731674433,-4.6481871605
-4.0271801949,1.5731674433,-4.6481871605
-4.0271801949,1.5731674433,-4.6481871605
-3.8662276268,1.6447385550,-4.6614294052
-4.0312757492,1.5710140467,-4.6480274200
-4.0271801949,1.5731674433,-4.6481871605
-4.0314865112,1.5708698034,-4.6480231285
-4.0271801949,1.5731674433,-4.6481871605
-4.0316581726,1.5707906485,-4.6479940414
-4.0271801949,1.5731674433,-4.6481871605
-4.0271801949,1.5731674433,-4.6481871605
-4.0271801949,1.5731674433,-4.6481871605
-4.0271801949,1.5731674433,-4.6481871605
-4.0271801949,1.5731674433,-4.6481871605
-4.0271801949,1.5731674433,-4.6481871605
-4.0315065384,1.5708985329,-4.6479763985
-4.0322346687,1.5704404116,-4.6479535103
-4.0271801949,1.5731674433,-4.6481871605
-4.0271801949,1.5731674433,-4.6481871605
-4.0271801949,1.5731674433,-4.6481871605
-4.6103625298,1.2115979195,-4.6177930832
-4.6084079742,1.2125661373,-4.6180872917
-4.0271801949,1.5731674433,-4.6481871605
-3.3947691917,1.7757264376,-4.8151340485
-3.3949763775,1.7756309509,-4.8151030540
-4.0271801949,1.5731674433,-4.6481871605
-4.0271801949,1.5731674433,-4.6481871605
-4.0271801949,1.5731674433,-4.6481871605
-4.6091794968,1.2857307196,-4.5498914719
-4.0271801949,1.5731674433,-4.6481871605
-4.0271801949,1.5731674433,-4.6481871605
-4.0271801949,1.5731674433,-4.6481871605
-4.0476365089,1.5637476444,-4.6440234184
-4.8884663582,1.0706050396,-4.5732440948
-4.0389089584,1.4979890585,-4.7075858116
-4.0212078094,1.5024044514,-4.7095193863
-4.0212078094,1.5024044514,-4.7095193863
-4.8884663582,1.0706050396,-4.5732440948
-4.8884663582,1.0706050396,-4.5732440948
-4.8884663582,1.0706050396,-4.5732440948
-4.8884663582,1.0706050396,-4.5732440948
-4.4820175171,1.3627923727,-4.5235104561
-4.4820246696,1.3627696037,-4.5234899521
-4.8884663582,1.0706050396,-4.5732440948
-4.8231029510,1.1128381491,-4.5666332245
-4.8884663582,1.0706050396,-4.5732440948
-5.0700035095,0.9823361635,-4.4694108963
-5.0722341537,0.9765020609,-4.4790396690
-5.0739436150,0.9769235849,-4.4795660973
-5.0724396706,0.9802933335,-4.4827904701
-5.0780320168,0.9824723005,-4.4870257378
-5.0780320168,0.9824723005,-4.4870257378
-5.0738606453,0.9861711860,-4.4923753738
-5.0883502960,0.9877210855,-4.4923577309
-5.0897011757,0.9952211380,-4.5015358925
-5.1000471115,0.9683591723,-4.5287375450
-5.0929856300,1.0013504028,-4.5057301521
-5.1142086983,1.0143657923,-4.5172553062
-5.1170129776,1.0162383318,-4.5179977417
-5.1207385063,1.0270212889,-4.5133972168
-5.1212124825,1.0407857895,-4.4990706444
-5.1218414307,1.0382212400,-4.5037779808
-5.1266293526,1.0202882290,-4.5267539024
-5.1256227493,1.0372931957,-4.5086870193
-5.1480727196,0.7709386945,-4.8320288658
-5.1480312347,0.7710630894,-4.8320622444
-5.1271433830,1.0360529423,-4.5114159584
-5.1259913445,1.0444431305,-4.5018219948
-5.1301784515,1.0377132893,-4.5131511688
-5.1312575340,1.0415809155,-4.5100626945
-5.1333608627,1.0413615704,-4.5131607056
-5.1652302742,1.0446252823,-4.5405225754
-5.1963109970,1.0445164442,-4.5478410721
-5.1134896278,0.8552485108,-4.8598165512
-5.3262076378,0.3209353089,-4.6323299408
-5.0446124077,1.0768697262,-4.8582434654
-5.0446124077,1.0768697262,-4.8582434654
-5.0309510231,1.1062572002,-4.8787531853
-5.0315380096,1.1053954363,-4.8781833649
-4.6472406387,1.9962385893,-5.3476362228
-4.6482958794,1.9937117100,-5.3463020325
-4.6488990784,1.9922071695,-5.3455023766
-4.6835517883,1.9252370596,-5.2938818932
-4.6834549904,1.9254728556,-5.2940020561
-4.6834549904,1.9254728556,-5.2940020561
-4.5837268829,2.1110289097,-5.4454865456
-4.7037405968,1.8879286051,-5.2652835846
-4.9640831947,1.3000220060,-4.9208049774
-4.9640779495,1.2999871969,-4.9207782745
-4.9526047707,1.3100838661,-4.9307699203
-5.3261823654,0.4429789186,-4.7748527527
-5.6164417267,-0.9621796608,-3.7325575352
-6.0726337433,-1.3615143299,-3.9942488670
-6.0812034607,-1.3421542645,-3.9539916515
-6.0854330063,-1.3425136805,-3.9551124573
-6.0886020660,-1.3438851833,-3.9567739964
-6.0875010490,-1.3412131071,-3.9527351856
-6.0902376175,-1.3423699141,-3.9548735619
-6.0917315483,-1.3419675827,-3.9520769119
-6.1674060822,-1.3545308113,-3.9618017673
-6.1726264954,-1.3532723188,-3.9572715759
-2.1912600994,7.6476879120,-8.8361940384
-6.1795120239,-1.3520169258,-3.9523687363
-6.1856107712,-1.3563897610,-3.9609081745
-6.1912565231,-1.3570871353,-3.9563188553
-6.1953978539,-1.3521609306,-3.9518170357
-6.0729980469,-1.1353317499,-3.5937480927
-6.0764970779,-1.1271893978,-3.5872254372
-6.0798606873,-1.1332690716,-3.5925755501
-6.0752501488,-1.1230975389,-3.5823280811
-6.0750780106,-1.1201618910,-3.5784587860
-6.2076191902,-1.3527688980,-3.9516921043
-6.0729231834,-1.1136192083,-3.5738019943
-6.2119770050,-1.3549464941,-3.9534163475
-6.0823192596,-1.1257324219,-3.5879957676
-6.0858740807,-1.1329920292,-3.5917718410
-6.2774734497,-1.4749500751,-4.0271806717
-6.0825920105,-1.1181308031,-3.5814664364
-6.0826292038,-1.1181536913,-3.5814418793
-6.0826292038,-1.1181536913,-3.5814418793
-6.0876865387,-1.1268079281,-3.5876209736
-7.4800095558,-3.8407049179,-1.7147965431
-5.1327877045,0.5327050686,-5.4571185112
-6.5939884186,-2.1390204430,-2.9858107567
-6.2893872261,-1.5517288446,-3.1910991669
0.3165671229,10.6705121994,-11.8197116852
-6.2355294228,-1.4258580208,-3.2666666508
-6.2379088402,-1.4131979942,-3.2721951008
-6.2452416420,-1.4263325930,-3.2716069221
-6.2605171204,-1.4547129869,-3.2601783276
-6.2292690277,-1.3925048113,-3.2757985592
-6.2866387367,-1.4983500242,-3.2324626446
-6.2160172462,-1.3658120632,-3.2916884422
-6.2897958755,-1.5028184652,-3.2333552837
-6.2904381752,-1.4982593060,-3.2249021530
-6.2422189713,-1.3970587254,-3.2715740204
-6.2422189713,-1.3970587254,-3.2715740204
-6.2559328079,-1.4210692644,-3.2630779743
-6.3019437790,-1.5048441887,-3.2168776989
-6.2274441719,-1.3673605919,-3.2889592648
-6.2508387566,-1.4014692307,-3.2707436085
-6.2421956062,-1.3826826811,-3.2775008678
-6.2428450584,-1.3822218180,-3.2696523666
-6.2314591408,-1.3608560562,-3.2835061550
-6.2597737312,-1.4117606878,-3.2664999962
-6.2904272079,-1.4665741920,-3.2366960049
-6.3291692734,-1.5167886019,-3.2095835209
-6.4185705185,-1.5903750658,-3.1355686188
-6.2513489723,-1.2823606730,-3.2813227177
-5.5480360985,0.0954233930,-4.8275899887
-5.5067777634,0.1620173603,-4.9076099396
-5.2468142509,-5.3953852654,1.5887768269
-7.4195785522,-4.3484015465,-2.7061288357
-7.4195785522,-4.3484015465,-2.7061288357
-7.5150156021,-4.2886128426,-2.7438702583
-7.5325856209,-4.2691960335,-2.7525999546
-7.5768427849,-4.2829422951,-2.7166049480
-6.8728599548,-3.0151596069,-1.7472783327
-10.4183282852,-9.9795265198,0.0857639760
-6.6852583885,-2.5971031189,-1.0948990583
-6.6761159897,-2.5170342922,-1.1616669893
-6.9332985878,-2.9011754990,-1.7592658997
-6.9416117668,-2.9155240059,-1.7636841536
-6.9308686256,-2.8796706200,-1.7513538599
-6.9443120956,-2.8890202045,-1.7570825815
-6.9354887009,-2.8649101257,-1.7462641001
-6.9521865845,-2.8652880192,-1.7495169640
-6.9576683044,-2.8656990528,-1.7464822531
-6.9576683044,-2.8656990528,-1.7464822531
-6.9459156990,-2.8429858685,-1.7423876524
-6.9702000618,-2.8842179775,-1.7590814829
-6.9624571800,-2.8566150665,-1.7495807409
-6.9704771042,-2.8657431602,-1.7533941269
-6.9509425163,-2.8233726025,-1.7375048399
-6.9614377022,-2.8402428627,-1.7383303642
-8.9918823242,-6.4215331078,-1.3661283255
-7.1692938805,-2.9599034786,-1.7745237350
-7.2118606567,-2.9734485149,-1.7667574883
-7.2319054604,-2.9765923023,-1.7592165470
-4.4609713554,7.4112963676,-6.6136269569
-4.4533572197,7.4382019043,-6.6221194267
-6.1819853783,0.5907785296,-4.2291073799
-6.1819853783,0.5907785296,-4.2291073799
-6.1819853783,0.5907785296,-4.2291073799
-6.1819853783,0.5907785296,-4.2291073799
-6.1819853783,0.5907785296,-4.2291073799
-6.1819853783,0.5907785296,-4.2291073799
-6.1819853783,0.5907785296,-4.2291073799
-6.1819853783,0.5907785296,-4.2291073799
-6.1819853783,0.5907785296,-4.2291073799
-6.1819853783,0.5907785296,-4.2291073799
-6.1819853783,0.5907785296,-4.2291073799
-6.1819853783,0.5907785296,-4.2291073799
-6.1819853783,0.5907785296,-4.2291073799
-6.1819853783,0.5907785296,-4.2291073799
-6.1819853783,0.5907785296,-4.2291073799
-6.1819853783,0.5907785296,-4.2291073799
-6.1819853783,0.5907785296,-4.2291073799
-6.1819853783,0.5907785296,-4.2291073799
-6.0134549141,1.2021462917,-4.5685882568
-6.1819853783,0.5907785296,-4.2291073799
-6.1819853783,0.5907785296,-4.2291073799
-6.1819853783,0.5907785296,-4.2291073799
-6.1819853783,0.5907785296,-4.2291073799
-6.1819853783,0.5907785296,-4.2291073799
-6.1819853783,0.5907785296,-4.2291073799
-6.1819853783,0.5907785296,-4.2291073799
-6.1819853783,0.5907785296,-4.2291073799
-6.1819853783,0.5907785296,-4.2291073799
-6.1819853783,0.5907785296,-4.2291073799
-6.1819853783,0.5907785296,-4.2291073799
-6.1819853783,0.5907785296,-4.2291073799
-6.1819853783,0.5907785296,-4.2291073799
-6.1819853783,0.5907785296,-4.2291073799
-6.1819853783,0.5907785296,-4.2291073799
-6.1819853783,0.5907785296,-4.2291073799
-6.1819853783,0.5907785296,-4.2291073799
-6.1819853783,0.5907785296,-4.2291073799
-6.1819853783,0.5907785296,-4.2291073799
-6.1819853783,0.5907785296,-4.2291073799
-6.1819853783,0.5907785296,-4.2291073799
-6.1819853783,0.5907785296,-4.2291073799
-6.1819853783,0.5907785296,-4.2291073799
-6.1819853783,0.5907785296,-4.2291073799
-6.1819853783,0.5907785296,-4.2291073799
-6.1819853783,0.5907785296,-4.2291073799
-6.1819853783,0.5907785296,-4.2291073799
-6.1819853783,0.5907785296,-4.2291073799
-6.1819853783,0.5907785296,-4.2291073799
-6.1819853783,0.5907785296,-4.2291073799
-6.1819853783,0.5907785296,-4.2291073799
-6.1819853783,0.5907785296,-4.2291073799
-6.1819853783,0.5907785296,-4.2291073799
-6.1819853783,0.5907785296,-4.2291073799
-6.1819853783,0.5907785296,-4.2291073799
-6.1819853783,0.5907785296,-4.2291073799
-6.1819853783,0.5907785296,-4.2291073799
-6.1819853783,0.5907785296,-4.2291073799
-6.1819853783,0.5907785296,-4.2291073799
-6.1819853783,0.5907785296,-4.2291073799
-6.1819853783,0.5907785296,-4.2291073799
-6.1819853783,0.5907785296,-4.2291073799
-6.1819853783,0.5907785296,-4.2291073799
-6.1819853783,0.5907785296,-4.2291073799
-6.1819853783,0.5907785296,-4.2291073799
-6.1819853783,0.5907785296,-4.2291073799
-6.1819853783,0.5907785296,-4.2291073799
-6.1819853783,0.5907785296,-4.2291073799
-6.1819853783,0.5907785296,-4.2291073799
-6.1819853783,0.5907785296,-4.2291073799
-6.1819853783,0.5907785296,-4.2291073799
-6.1819853783,0.5907785296,-4.2291073799
-6.1819853783,0.5907785296,-4.2291073799
-6.1819853783,0.5907785296,-4.2291073799
-6.1819853783,0.5907785296,-4.2291073799
-6.1819853783,0.5907785296,-4.2291073799
-6.1819853783,0.5907785296,-4.2291073799
-6.1819853783,0.5907785296,-4.2291073799
-6.1819853783,0.5907785296,-4.2291073799
-6.1819853783,0.5907785296,-4.2291073799
-6.1819853783,0.5907785296,-4.2291073799
-6.1819853783,0.5907785296,-4.2291073799
-6.1819853783,0.5907785296,-4.2291073799
-6.1819853783,0.5907785296,-4.2291073799
-6.1819853783,0.5907785296,-4.2291073799
-6.1819853783,0.5907785296,-4.2291073799
-6.1819853783,0.5907785296,-4.2291073799
-6.1819853783,0.5907785296,-4.2291073799
-6.1819853783,0.5907785296,-4.2291073799
-6.1819853783,0.5907785296,-4.2291073799
-6.1819853783,0.5907785296,-4.2291073799
-6.1819853783,0.5907785296,-4.2291073799
-6.1819853783,0.5907785296,-4.2291073799
-6.1819853783,0.5907785296,-4.2291073799
-6.1819853783,0.5907785296,-4.2291073799
-6.1819853783,0.5907785296,-4.2291073799
-6.1819853783,0.5907785296,-4.2291073799
-6.1819853783,0.5907785296,-4.2291073799
-6.1819853783,0.5907785296,-4.2291073799
-6.1819853783,0.5907785296,-4.2291073799
-6.1819853783,0.5907785296,-4.2291073799
-6.1819853783,0.5907785296,-4.2291073799
-6.1819853783,0.5907785296,-4.2291073799
-6.1819853783,0.5907785296,-4.2291073799
-6.1819853783,0.5907785296,-4.2291073799
-6.1819853783,0.5907785296,-4.2291073799
-6.1819853783,0.5907785296,-4.2291073799
-6.1819853783,0.5907785296,-4.2291073799
-6.1819853783,0.5907785296,-4.2291073799
-6.1819853783,0.5907785296,-4.2291073799
-6.1819853783,0.5907785296,-4.2291073799
-6.1819853783,0.5907785296,-4.2291073799
-6.1819853783,0.5907785296,-4.2291073799
-6.1819853783,0.5907785296,-4.2291073799
-6.1819853783,0.5907785296,-4.2291073799
-6.1819853783,0.5907785296,-4.2291073799
-6.1819853783,0.5907785296,-4.2291073799
-6.1819853783,0.5907785296,-4.2291073799
-6.1819853783,0.5907785296,-4.2291073799
-6.1819853783,0.5907785296,-4.2291073799
-6.1819853783,0.5907785296,-4.2291073799
-6.1819853783,0.5907785296,-4.2291073799
-6.1819853783,0.5907785296,-4.2291073799
-6.1819853783,0.5907785296,-4.2291073799
-6.1819853783,0.5907785296,-4.2291073799
-6.1819853783,0.5907785296,-4.2291073799
-6.1819853783,0.5907785296,-4.2291073799
-6.1819853783,0.5907785296,-4.2291073799
-6.1819853783,0.5907785296,-4.2291073799
-3.4644875526,7.4148659706,-7.0268206596
-3.4644875526,7.4148659706,-7.0268206596
-3.7187514305,6.7329835892,-6.8086686134
-3.7161390781,6.7389392853,-6.8111028671
-7.4886493683,-4.8515295982,-2.6901609898
-7.4886493683,-4.8515295982,-2.6901609898
-7.4824028015,-4.8708934784,-2.6421010494
-7.5025544167,-4.8307018280,-2.7427449226
-7.5020351410,-4.8243632317,-2.7448384762
-7.4977269173,-4.8403835297,-2.7082076073
-7.6089754105,-4.7428312302,-2.8553655148
-7.6317157745,-4.8297657967,-2.5896408558
-7.6317157745,-4.8297657967,-2.5896408558
-7.6734962463,-4.7595448494,-2.8235092163
-7.7053489685,-4.7250742912,-2.8343768120
-7.7029175758,-4.7362985611,-2.8064987659
-7.7144837379,-4.7391171455,-2.7809455395
-7.7144837379,-4.7391171455,-2.7809455395
-7.7284059525,-4.7444105148,-2.7775835991
-7.7374391556,-4.7493252754,-2.7507658005
-6.8669786453,-3.2146596909,-1.5102406740
-6.8669786453,-3.2146596909,-1.5102406740
-7.7621965408,-4.7456316948,-2.7225856781
-7.8040146828,-4.7400398254,-2.7274272442
-7.8040146828,-4.7400398254,-2.7274272442
-6.9367179871,-3.1099762917,-1.5324071646
-6.9269852638,-3.0816667080,-1.5049217939
-6.9410867691,-3.0808048248,-1.5212291479
-6.9302225113,-3.0563662052,-1.5032693148
-6.9677562714,-3.1211903095,-1.5510594845
-6.9401383400,-3.0727391243,-1.5084697008
-6.9228529930,-3.0324542522,-1.4994179010
-6.9590635300,-3.0781271458,-1.5230424404
-6.9520950317,-3.0558674335,-1.5108159781
-6.9448199272,-3.0325632095,-1.5000637770
-6.9448199272,-3.0325632095,-1.5000637770
-6.9448199272,-3.0325632095,-1.5000637770
-6.9662566185,-3.0788171291,-1.5112377405
-6.9582076073,-3.0588986874,-1.5070174932
-6.9406180382,-3.0099225044,-1.4795045853
-6.9663434029,-3.0471665859,-1.5112284422
-6.8933143616,-2.9225664139,-1.4006624222
-7.8728299141,-4.8099827766,-2.4269139767
-6.9668607712,-3.0359501839,-1.5059462786
-6.9765863419,-3.0447497368,-1.5125834942
-7.9128794670,-4.7496490479,-2.6739380360
-7.0955162048,-3.1863629818,-1.4622937441
-7.9732294083,-4.6947569847,-2.6362364292
-6.6882395744,-2.5086560249,-0.7963997126
-7.1590332985,-3.1486363411,-1.5756667852
-7.8333992958,-4.6344370842,-1.8406058550
-7.8333992958,-4.6344370842,-1.8406058550
-7.8333992958,-4.6344370842,-1.8406058550
-8.1128578186,-4.6690874100,-2.6007843018
-7.2744693756,-3.1847467422,-1.5778478384
-7.2882056236,-3.1734471321,-1.5795440674
-7.2936749458,-3.1851232052,-1.5816081762
-7.3207254410,-3.1974549294,-1.5750838518
-7.3709354401,-3.2114434242,-1.5787713528
-8.2005634308,-4.6391162872,-2.5794165134
-7.3895421028,-3.2192189693,-1.5773117542
-7.4106855392,-3.2345650196,-1.5786801577
-8.4611692429,-4.6289520264,-2.3710639477
-8.4611692429,-4.6289520264,-2.3710639477
-8.5173492432,-4.6863903999,-2.2960672379
-7.4386935234,-2.9200971127,-0.8822359443
-6.8300075531,0.3862357736,-3.6269228458
-6.8833589554,0.3474778831,-3.6907675266
-7.1138882637,0.0392397791,-4.0766077042
-6.8906874657,0.3599924147,-3.6837739944
-6.8881807327,0.3634651601,-3.6792321205
-6.8969659805,0.3463093340,-3.6910672188
-6.8829784393,0.3721323013,-3.6697099209
-6.8850326538,0.3691554964,-3.6731319427
-6.8879528046,0.3670066595,-3.6765110493
-6.8959722519,0.3527671993,-3.6886157990
-6.8937196732,0.3616446853,-3.6824679375
-6.8934860229,0.3642559052,-3.6798508167
-6.8894300461,0.3723590672,-3.6698925495
-6.8894300461,0.3723590672,-3.6698925495
-6.8932833672,0.3689551651,-3.6746473312
-6.8932833672,0.3689551651,-3.6746473312
-6.8955755234,0.3665547073,-3.6780416965
-6.8882112503,0.3778916299,-3.6631345749
-6.8742909431,0.3978759944,-3.6360361576
-6.9073753357,0.3533094525,-3.6915950775
-6.8953137398,0.3726237416,-3.6682877541
-6.8987603188,0.3699586391,-3.6742463112
-6.9020991325,0.3659735918,-3.6786625385
-6.9347014427,0.3090550601,-3.6471502781
-7.1329603195,0.0669316724,-3.9728653431
-6.9601359367,0.3467941284,-3.6942777634
-7.1871194839,0.0470084064,-4.0473518372
-6.9973378181,0.3379168510,-3.7018346786
-7.0089616776,0.3350361586,-3.7033879757
-7.0137882233,0.3343666196,-3.7018487453
-7.0191159248,0.3335251212,-3.7024555206
-7.0236105919,0.3258342147,-3.7068464756
-7.0236105919,0.3258342147,-3.7068464756
-7.0212039948,0.3311942220,-3.7034850121
-7.1486816406,0.4272640646,-4.1560926437
-7.0371894836,0.3302565217,-3.7014286518
-7.0524387360,0.3240956962,-3.7024044991
-7.0502147675,0.3929249942,-3.5734279156
-7.2977528572,0.0607849322,-3.9822394848
-7.2977528572,0.0607849322,-3.9822394848
-7.2959547043,0.0755849183,-3.9357964993
-7.3180370331,0.0673297420,-3.9625895023
-7.3180294037,0.0673851520,-3.9624156952
-7.3231844902,0.0658421516,-3.9570109844
-7.3233256340,0.0667002276,-3.9573576450
-7.6076488495,2.0753097534,-4.6686978340
-7.6022067070,2.0053501129,-4.6478052139
-7.6022453308,2.0051112175,-4.6477766037
-7.6016340256,2.0012695789,-4.6449179649
-7.6865563393,2.3481526375,-4.7442641258
-7.6865563393,2.3481526375,-4.7442641258
-7.6865563393,2.3481526375,-4.7442641258
-7.6865563393,2.3481526375,-4.7442641258
-7.6865563393,2.3481526375,-4.7442641258
-7.6865563393,2.3481526375,-4.7442641258
-7.6865563393,2.3481526375,-4.7442641258
-7.6865563393,2.3481526375,-4.7442641258
-7.6865563393,2.3481526375,-4.7442641258
-7.6865563393,2.3481526375,-4.7442641258
-7.6865563393,2.3481526375,-4.7442641258
-7.6865563393,2.3481526375,-4.7442641258
-7.6865563393,2.3481526375,-4.7442641258
-7.6865563393,2.3481526375,-4.7442641258
-7.6865563393,2.3481526375,-4.7442641258
-7.6865563393,2.3481526375,-4.7442641258
-7.5943217278,1.7999731302,-4.5628809929
-7.5808510780,1.6263359785,-4.4814014435
-7.5808510780,1.6263359785,-4.4814014435
-7.5674958229,1.4198907614,-4.3913121223
-7.6214747429,2.4477849007,-4.8278794289
-7.5832099915,1.5566576719,-4.4605436325
-7.5821685791,1.5375486612,-4.4522986412
-7.6311454773,2.4041898251,-4.8206424713
-7.6311454773,2.4041898251,-4.8206424713
-7.6269388199,2.5143365860,-4.8486285210
-7.5674676895,1.4194151163,-4.3911080360
-7.5675797462,1.4208989143,-4.3917403221
-7.2041673660,5.2277269363,-6.1815648079
-7.1733069420,5.3741865158,-6.2649583817
-7.6626667976,6.2348942757,-5.8814282417
-7.2021670341,5.2674417496,-6.2006702423
-7.1767568588,5.3824191093,-6.2679004669
-7.3514966965,4.2469577789,-5.7105088234
-7.1435465813,5.4866695404,-6.3445854187
-7.1610350609,5.4672179222,-6.3198471069
-7.1669650078,5.4709162712,-6.3136963844
-7.1669650078,5.4709162712,-6.3136963844
-7.1652832031,5.4841022491,-6.3200283051
-7.1657185555,5.4776864052,-6.3254203796
-7.1582999229,5.4965987206,-6.3436980247
-7.1582999229,5.4965987206,-6.3436980247
-7.1582999229,5.4965987206,-6.3436980247
-7.2879786491,4.7737436295,-5.9617757797
-7.1436553001,5.5493669510,-6.3866267204
-7.1523485184,5.5490775108,-6.3752131462
-7.2899184227,4.7926564217,-5.9708185196
-7.1661829948,5.4921565056,-6.3436036110
-7.2048959732,5.3879275322,-6.2624855042
-7.2909302711,4.7961878777,-5.9759345055
-7.3153882027,4.8448810577,-5.9990224838
-7.3209934235,4.8874802589,-6.0238885880
-7.2722311020,5.3383040428,-6.2365446091
-7.3695831299,4.9135746956,-6.0307579041
-7.3550519943,5.2817087173,-6.2118725777
-7.3688673973,5.2635312080,-6.1963348389
-7.3724045753,5.2763667107,-6.2079968452
-7.3856654167,5.1855049133,-6.1599235535
-7.3917770386,5.2503829002,-6.1946787834
-7.3982901573,5.2577600479,-6.1971950531
-7.3600039482,5.1368198395,-6.4613623619
-7.3690066338,5.1390652657,-6.4585089684
-7.5170722008,4.1024889946,-5.4127464294
-7.2631292343,4.8242616653,-5.9971828461
-7.2631292343,4.8242616653,-5.9971828461
-7.5959897041,4.8230357170,-5.5675835609
-7.5526547432,4.3092713356,-5.4612712860
-7.2856101990,4.8329601288,-5.9902553558
-7.3042035103,4.6705708504,-5.9155120850
-7.3116517067,4.7102780342,-5.9357848167
-7.5408349037,4.1216139793,-5.4321045876
-7.3164620399,4.7574687004,-5.9564127922
-7.6191678047,4.8040633202,-5.5869698524
-7.6191678047,4.8040633202,-5.5869698524
-7.3250260353,4.8035793304,-5.9799375534
-7.6247920990,4.8072099686,-5.5871939659
-7.3503980637,4.8477711678,-6.0065107346
-7.7411618233,4.6666555405,-5.6940174103
-8.0502223969,6.4705319405,-6.1113009453
-8.0804662704,6.4332194328,-6.0913882256
-8.0804662704,6.4332194328,-6.0913882256
-8.0847587585,6.4303445816,-6.0999054909
-8.0748071671,6.4380831718,-6.1206750870
-8.1137495041,6.4261112213,-6.1379685402
-8.1365108490,6.4242782593,-6.1309041977
-8.1709318161,6.4073739052,-6.1456084251
-8.1712198257,6.4139199257,-6.1558561325
-8.2076387405,6.3918423653,-6.1514062881
-8.9949245453,8.7307615280,-6.9572186470
-8.2329950333,6.3911266327,-6.1755638123
-8.1862573624,6.4127283096,-6.2693452835
-8.0025768280,6.3021287918,-6.4494938850
-8.0421028137,6.4871320724,-6.5807361603
-8.2072801590,6.4046497345,-6.2849903107
-8.0734167099,6.4768724442,-6.5507073402
-8.0734167099,6.4768724442,-6.5507073402
-8.0795841217,6.4738798141,-6.5446014404
-8.2068681717,6.3980321884,-6.3066897392
-8.1037349701,6.4557561874,-6.5386366844
-8.1037349701,6.4557561874,-6.5386366844
-8.1801223755,6.4324994087,-6.4578642845
-8.4189271927,6.3358793259,-6.2831430435
-7.8082194328,6.0920958519,-6.9499926567
-8.4627799988,6.3178834915,-6.3190727234
-8.4627799988,6.3178834915,-6.3190727234
-8.4909954071,6.3303279877,-6.7246775627
-7.8255524635,3.4709608555,-5.5673265457
-7.8255524635,3.4709608555,-5.5673265457
-8.7081680298,7.4773283005,-7.1077246666
-8.9886159897,8.7555780411,-7.5407104492
-8.2376527786,9.0478067398,-6.4992713928
-6.6944217682,13.4505023956,-8.9902324677
-8.1114253998,8.4409866333,-6.4623699188
-8.2960405350,8.9710283279,-6.5556282997
-8.2960405350,8.9710283279,-6.5556282997
-8.3682737350,9.1580390930,-6.5965728760
-8.3682737350,9.1580390930,-6.5965728760
-8.2717313766,8.9201078415,-6.6061387062
-8.2717313766,8.9201078415,-6.6061387062
-8.1995792389,8.4679317474,-6.5549054146
-8.1787376404,8.3033933640,-6.5768857002
-8.2180004120,8.2742433548,-6.6155762672
-7.5782871246,4.1141757965,-5.7656579018
-8.4039134979,8.6058635712,-6.7244591713
-8.3914775848,8.5070056915,-6.7377266884
-8.9376611710,10.1209821701,-7.0325856209
-9.0675449371,10.1290311813,-7.1117706299
-9.1826791763,10.4596385956,-7.2417898178
-9.1826791763,10.4596385956,-7.2417898178
-9.2237920761,10.5217342377,-7.2929973602
-9.7636089325,12.4267253876,-7.9394359589
-9.2726278305,9.1892232895,-7.4869651794
-6.9362130165,0.1750214100,-4.4441347122
-6.9557657242,0.4251388013,-4.5205459595
-6.4960570335,11.2107162476,-8.8305091858
-6.6609964371,10.6889791489,-8.6259860992
-7.0824980736,0.9951156974,-4.6750402451
-7.0794281960,0.9613070488,-4.6641297340
-6.9942803383,8.1435251236,-7.7528209686
-6.9942803383,8.1435251236,-7.7528209686
-6.9914813042,8.1482229233,-7.7672786713
-6.9991488457,8.1721143723,-7.7787003517
-6.9873619080,8.1367998123,-7.7739934921
-7.5155029297,6.0481290817,-6.6713042259
-7.5231785774,5.7852244377,-6.5641946793
-7.5262999535,5.5415549278,-6.4529166222
-7.5107612610,5.9638872147,-6.6600909233
-7.5178904533,5.7533836365,-6.5607771873
-7.5078048706,6.0074839592,-6.6826481819
-7.5181250572,5.8174877167,-6.5965929031
-7.5181965828,5.6907672882,-6.5393104553
-7.5039143562,5.9865913391,-6.6835832596
-7.5220251083,5.6005702019,-6.4998049736
-7.5160017014,5.8356852531,-6.6111478806
-7.5234327316,5.7403655052,-6.5652279854
-7.5114970207,5.5809469223,-6.5091567039
-7.1134991646,0.6865435243,-4.5610685349
-7.1134991646,0.6865435243,-4.5610685349
-7.1128172874,0.6845121980,-4.5604300499
-7.1128172874,0.6845121980,-4.5604300499
-7.1442890167,1.4654619694,-4.8123369217
-7.1442890167,1.4654619694,-4.8123369217
-7.1695504189,1.6271759272,-4.8587231636
-7.2155556679,1.9103124142,-4.9489178658
-7.1135091782,1.2470008135,-4.7528142929
-7.0510005951,0.6407793760,-4.5230445862
-7.0508494377,0.6405164003,-4.5220484734
-7.0460286140,0.6308687329,-4.5192956924
-7.0504379272,0.6372756958,-4.5192842484
-7.0477242470,0.6321138740,-4.5176849365
-7.4074697495,3.1973226070,-5.3888072968
-7.4121451378,3.1852989197,-5.3799676895
-7.3767905235,3.1880326271,-5.3659830093
-7.3766021729,3.1702318192,-5.3597187996
-7.3906326294,3.1696553230,-5.3541665077
-7.3906326294,3.1696553230,-5.3541665077
-7.3585405350,3.1703331470,-5.3456492424
-7.3585405350,3.1703331470,-5.3456492424
-7.3668055534,3.1685755253,-5.3416471481
-7.4005045891,3.1597361565,-5.3272051811
-7.2653245926,3.1188230515,-5.3005266190
-7.4578838348,2.4514479637,-4.9960494041
-7.4543213844,2.5212965012,-5.0153622627
-7.4512071609,2.5247290134,-5.0167007446
-7.4512071609,2.5247290134,-5.0167007446
-7.3909487724,2.1260902882,-4.9083609581
-7.4609704018,2.4523861408,-4.9924783707
-7.4546437263,2.5221052170,-5.0111646652
-7.4628806114,2.5011076927,-5.0032105446
-7.4498519897,2.5228369236,-5.0102128983
-7.4651269913,2.4547147751,-4.9882726669
-7.4567689896,2.5158791542,-5.0049405098
-7.4679622650,2.4528284073,-4.9826974869
-7.4592452049,2.4964530468,-4.9943771362
-7.4598851204,2.4925761223,-4.9897451401
-7.4645638466,2.4628424644,-4.9798865318
-7.4682893753,2.4536688328,-4.9767189026
-7.4567303658,2.5194454193,-4.9946432114
-7.4668927193,2.4584383965,-4.9768743515
-7.4617285728,2.4878001213,-4.9845538139
-7.4705424309,2.4481952190,-4.9718828201
-7.4664168358,2.4505758286,-4.9714965820
-7.4705023766,2.4512374401,-4.9671330452
-7.4623684883,2.5167491436,-4.9850697517
-7.4588766098,2.5155203342,-4.9844288826
-7.1882734299,0.4492020607,-4.4077949524
-7.2054142952,0.6492681503,-4.4805774689
-7.2054142952,0.6492681503,-4.4805774689
-7.2569508553,1.4480816126,-4.7628269196
-7.2415900230,1.0977655649,-4.6406793594
-7.2415900230,1.0977655649,-4.6406793594
-7.4220242500,2.2302923203,-4.9386606216
-7.4241747856,2.2295649052,-4.9352002144
-7.4203886986,2.2365891933,-4.9355158806
-7.4174246788,2.2598121166,-4.9400081635
-7.4213066101,2.2666296959,-4.9400629997
-7.4299764633,2.2454612255,-4.9352440834
-7.4261646271,2.2581770420,-4.9352545738
-7.4318394661,2.3163650036,-4.9460878372
-7.4286670685,2.3059208393,-4.9415707588
-7.4303102493,2.3151180744,-4.9422397614
-7.4369850159,2.2971582413,-4.9390110970
-7.4337906837,2.3142881393,-4.9420728683
-7.4359340668,2.3069856167,-4.9400267601
-7.4409785271,2.2935302258,-4.9375591278
-7.4375262260,2.3026168346,-4.9385666847
-7.4403376579,2.3009958267,-4.9382505417
-7.4446015358,2.2979602814,-4.9354624748
-7.4428586960,2.3119065762,-4.9380626678
-7.1612019539,0.1990665197,-4.3170838356
-7.1612019539,0.1990665197,-4.3170838356
-7.1612019539,0.1990665197,-4.3170838356
-7.2205133438,0.9126307368,-4.5675015450
-7.1612019539,0.1990665197,-4.3170838356
-7.2558369637,0.9704135060,-4.5992770195
-7.2558369637,0.9704135060,-4.5992770195
-7.1612019539,0.1990665197,-4.3170838356
-7.1612019539,0.1990665197,-4.3170838356
-7.2326273918,0.9263335466,-4.5746874809
-7.2326273918,0.9263335466,-4.5746874809
-7.1612019539,0.1990665197,-4.3170838356
-7.1916942596,0.4829081297,-4.4147620201
-7.1612019539,0.1990665197,-4.3170838356
-7.3320207596,1.1151008606,-4.6799912453
-7.3320207596,1.1151008606,-4.6799912453
-7.3320207596,1.1151008606,-4.6799912453
-6.8779492378,0.2930717468,-4.2945542336
-6.5125803947,-0.3528337181,-3.9943189621
-7.0642757416,0.6178099513,-4.4592728615
-7.0691885948,0.6264724135,-4.4638481140
-7.0734591484,0.6339778900,-4.4678092003
-8.4129161835,2.2859449387,-5.9721074104
-8.3645896912,2.3194341660,-6.0057497025
-8.2096824646,2.1329734325,-5.6600937843
-8.2345724106,2.6587531567,-5.7978606224
-8.2766742706,2.6534469128,-5.7040476799
-8.2473955154,2.6656432152,-5.7486338615
-8.2456331253,2.6832692623,-5.7039194107
-8.2538881302,2.6995277405,-5.6860289574
-8.2107162476,2.7084858418,-5.7699732780
-8.2731266022,2.6979296207,-5.6416344643
-8.2622394562,2.7007985115,-5.6635632515
-8.2357988358,2.7072935104,-5.7155909538
-8.2519779205,2.7045156956,-5.6746625900
-8.2462959290,2.7087349892,-5.6846175194
-8.2380733490,2.7127525806,-5.6961545944
-8.2380733490,2.7127525806,-5.6961545944
-8.2290086746,2.7199172974,-5.7156314850
-8.2615365982,2.7366929054,-5.5881500244
-8.2330675125,2.7558968067,-5.6310582161
-8.2496843338,2.7544448376,-5.5982460976
-8.2223491669,2.7581660748,-5.6488995552
-8.2063465118,2.7731497288,-5.6736788750
-8.2352161407,2.7685060501,-5.6097850800
-8.2261171341,2.7727692127,-5.6201968193
-8.2172641754,2.7835450172,-5.6267409325
-8.2172641754,2.7835450172,-5.6267409325
-8.2194118500,2.7863469124,-5.6185965538
-8.6033363342,2.7277550697,-4.8646798134
-8.6033363342,2.7277550697,-4.8646798134
-8.2127780914,2.8083307743,-5.6386699677
-8.6378688812,2.7273311615,-4.7797155380
-8.6378688812,2.7273311615,-4.7797155380
-8.3459434509,2.8562364578,-5.4251093864
-8.3023815155,2.7935771942,-5.3983001709
-8.2068223953,2.8238992691,-5.5962567329
-8.3158340454,2.8389465809,-5.4174580574
-8.2391023636,2.8344514370,-5.5168724060
-8.2147588730,2.8379909992,-5.5310101509
-8.2365236282,2.8546562195,-5.5062241554
-8.1773424149,2.8971931934,-5.5496773720
-8.1773424149,2.8971931934,-5.5496773720
-8.1141138077,2.9161777496,-5.6704525948
-8.1773824692,2.8923125267,-5.5195007324
-8.1340198517,2.9190969467,-5.5695824623
-8.1999187469,2.9155104160,-5.4525351524
-8.0882263184,2.9200763702,-5.6441984177
-7.9924449921,2.9396445751,-5.5552978516
-7.9924449921,2.9396445751,-5.5552978516
-8.5078792572,3.0495200157,-4.5681715012
-8.5078792572,3.0495200157,-4.5681715012
-8.1711597443,3.3600440025,-4.9359593391
-8.1711597443,3.3600440025,-4.9359593391
-8.1852979660,3.3619875908,-4.8946304321
-7.1746010780,1.1755011082,-4.6981992722
-7.1746010780,1.1755011082,-4.6981992722
-7.1411509514,1.1436507702,-4.6659388542
-7.1746010780,1.1755011082,-4.6981992722
-7.1746010780,1.1755011082,-4.6981992722
-7.1746010780,1.1755011082,-4.6981992722
-7.1746010780,1.1755011082,-4.6981992722
-7.1746010780,1.1755011082,-4.6981992722
-7.1746010780,1.1755011082,-4.6981992722
-7.5580124855,2.0107326508,-4.9269599915
-7.5581474304,2.0110530853,-4.9269862175
-7.1746010780,1.1755011082,-4.6981992722
-7.4240064621,1.7574189901,-4.8293938637
-8.5021123886,3.5653777122,-4.5774741173
-7.0633497238,1.2175002098,-5.1232218742
-0.3246629238,-11.6505928040,-4.5593476295
-0.7135651112,-12.0262527466,-4.1546988487
-0.5010172725,-11.7044010162,-2.5388934612
-0.4326408803,-11.8069210052,-2.4327034950
-1.2920056581,-11.2838459015,-2.9120886326
-0.8220503926,-11.6697425842,-2.4519648552
-0.8220503926,-11.6697425842,-2.4519648552
-1.7148729563,-11.4532146454,-3.0406701565
-1.7148729563,-11.4532146454,-3.0406701565
-0.8395031095,-11.6558094025,-2.3705751896
-1.3374797106,-11.7148628235,-2.6093413830
-1.7320404053,-11.4627466202,-2.7812509537
-1.0037801266,-11.9225788116,-1.9739205837
-7.0661516190,1.2237691879,-5.1257677078
-7.0661411285,1.2237710953,-5.1257600784
-7.0661411285,1.2237710953,-5.1257600784
-7.1161074638,1.2938245535,-5.1129665375
-7.1161074638,1.2938245535,-5.1129665375
-7.0663723946,1.2240693569,-5.1257367134
-7.0663723946,1.2240693569,-5.1257367134
-7.0663714409,1.2240732908,-5.1257400513
-7.0663714409,1.2240732908,-5.1257400513
-7.1219406128,1.3341392279,-5.1276602745
-7.0663719177,1.2240750790,-5.1257586479
-7.0663723946,1.2240667343,-5.1257615089
-7.0661406517,1.2237304449,-5.1256923676
-7.0661406517,1.2237304449,-5.1256923676
-7.0663638115,1.2240983248,-5.1257624626
-7.0661482811,1.2237097025,-5.1256899834
-7.0661492348,1.2237082720,-5.1256895065
-7.0663700104,1.2240761518,-5.1257638931
-7.0663700104,1.2240761518,-5.1257638931
-7.0661501884,1.2237040997,-5.1256890297
-7.0661501884,1.2237040997,-5.1256890297
-7.0661382675,1.2237445116,-5.1256866455
-7.0661382675,1.2237445116,-5.1256866455
-7.1278595924,1.3704351187,-5.1463742256
-7.0661711693,1.2236552238,-5.1256890297
-7.0663652420,1.2240906954,-5.1257672310
-7.0663614273,1.2241036892,-5.1257677078
-7.0661706924,1.2236526012,-5.1256818771
-7.0661706924,1.2236526012,-5.1256818771
-7.0661687851,1.2236568928,-5.1256794930
-7.0663623810,1.2240999937,-5.1257691383
-7.0663623810,1.2240999937,-5.1257691383
-7.0661649704,1.2236663103,-5.1256780624
-7.0663638115,1.2240940332,-5.1257691383
-7.0663709641,1.2240459919,-5.1257667542
-7.1643280983,1.4348342419,-5.1936726570
-7.0663633347,1.2240859270,-5.1257729530
-7.0661664009,1.2236642838,-5.1256647110
-7.0661664009,1.2236642838,-5.1256647110
-7.0661449432,1.2237638235,-5.1256685257
-7.0661449432,1.2237638235,-5.1256685257
-7.0661644936,1.2236715555,-5.1256632805
-7.0661644936,1.2236715555,-5.1256632805
-7.0663690567,1.2240365744,-5.1257672310
-7.0663690567,1.2240365744,-5.1257672310
-7.0661568642,1.2237101793,-5.1256594658
-7.0661568642,1.2237101793,-5.1256594658
-7.0661602020,1.2237018347,-5.1256561279
-7.0661602020,1.2237018347,-5.1256561279
-7.0663642883,1.2240614891,-5.1257734299
-6.7380733490,2.1510257721,-5.5186071396
-6.7380733490,2.1510257721,-5.5186071396
-6.1279029846,4.7152681351,-6.3184862137
-6.1279029846,4.7152681351,-6.3184862137
-6.7001738548,3.2888228893,-5.8583483696
-6.7001738548,3.2888228893,-5.8583483696
-7.1254878044,1.3800905943,-5.3531503677
-5.0192170143,10.5706577301,-9.5195112228
-5.6442332268,7.8836503029,-8.3118057251
-7.1022672653,1.6054595709,-5.4048409462
-7.1022672653,1.6054595709,-5.4048409462
-7.0924148560,1.5758394003,-5.4013404846
-7.2956433296,0.8498659730,-5.2106757164
-6.2792630196,3.4637079239,-5.9596843719
-6.2792630196,3.4637079239,-5.9596843719
-6.2421731949,3.5688254833,-5.9907836914
-6.1891722679,3.5302152634,-5.9901666641
-6.2330656052,3.4527249336,-5.9908375740
-7.4404120445,0.1274338663,-4.9669618607
-7.4404120445,0.1274338663,-4.9669618607
-7.4346332550,0.1568148583,-4.9665837288
-7.4346332550,0.1568148583,-4.9665837288
-5.7930812836,5.6007370949,-7.5655026436
-5.7990546227,5.5747656822,-7.5560588837
-5.7990546227,5.5747656822,-7.5560588837
-5.8696241379,5.6063952446,-7.6212186813
-5.6887645721,6.2370319366,-7.9775943756
-7.1856446266,1.4110834599,-5.3219370842
-7.1856446266,1.4110834599,-5.3219370842
-7.1533403397,1.4011116028,-5.3240470886
-7.4161205292,0.2484815121,-4.9994349480
-6.9728140831,2.3505024910,-5.8585357666
-7.4161205292,0.2484815121,-4.9994349480
-7.4161205292,0.2484815121,-4.9994349480
-7.4161205292,0.2484815121,-4.9994349480
-7.4161205292,0.2484815121,-4.9994349480
-6.8958454132,1.9212472439,-5.4153103828
-6.8958454132,1.9212472439,-5.4153103828
-6.8956208229,1.9219264984,-5.4155716896
-6.8586740494,2.0555236340,-5.4555387497
-6.8586740494,2.0555236340,-5.4555387497
-7.7830557823,-2.9338281155,-4.2571763992
-4.2156128883,9.1355381012,-9.5869636536
-6.3816146851,4.1658844948,-6.8044452667
-6.3816146851,4.1658844948,-6.8044452667
-6.3687167168,4.2509508133,-6.8550834656
-6.3687167168,4.2509508133,-6.8550834656
-7.1743693352,1.2929558754,-5.2614569664
-7.1472082138,1.4259636402,-5.3352069855
-6.6851415634,3.5344197750,-6.1854271889
-6.7231564522,2.9765012264,-5.8605608940
-6.7224788666,2.8691053391,-5.7967386246
-6.7224788666,2.8691053391,-5.7967386246
-6.8480067253,2.0667381287,-5.4549946785
-6.7080760002,2.5209834576,-5.6023964882
-6.7080760002,2.5209834576,-5.6023964882
-6.8176646233,2.1469416618,-5.4976143837
-6.8176646233,2.1469416618,-5.4976143837
-6.6070976257,2.5702075958,-5.7203798294
-6.6070976257,2.5702075958,-5.7203798294
-6.7273721695,3.0063290596,-5.8692178726
-6.7273721695,3.0063290596,-5.8692178726
-6.7273721695,3.0063290596,-5.8692178726
-6.7273721695,3.0063290596,-5.8692178726
-6.7273721695,3.0063290596,-5.8692178726
-6.7273721695,3.0063290596,-5.8692178726
-6.7273721695,3.0063290596,-5.8692178726
-6.7273721695,3.0063290596,-5.8692178726
-6.7273721695,3.0063290596,-5.8692178726
-6.7273721695,3.0063290596,-5.8692178726
-6.7273721695,3.0063290596,-5.8692178726
-6.7273721695,3.0063290596,-5.8692178726
-6.7273721695,3.0063290596,-5.8692178726
-6.7096958160,2.8975615501,-5.8382272720
-6.7095556259,2.8979718685,-5.8384976387
-6.7095584869,2.8979613781,-5.8384881020
-6.7096843719,2.8974959850,-5.8381037712
-6.7273721695,3.0063290596,-5.8692178726
-6.7197618484,2.6339490414,-5.6463036537
-6.7273721695,3.0063290596,-5.8692178726
-6.7273721695,3.0063290596,-5.8692178726
-6.7273721695,3.0063290596,-5.8692178726
-6.7119994164,2.8335568905,-5.7866201401
-6.7112874985,2.8354878426,-5.7878799438
-6.7273721695,3.0063290596,-5.8692178726
-6.7273721695,3.0063290596,-5.8692178726
-6.7103886604,2.8379354477,-5.7895307541
-6.7273721695,3.0063290596,-5.8692178726
-6.7273721695,3.0063290596,-5.8692178726
-6.7273721695,3.0063290596,-5.8692178726
-6.7273721695,3.0063290596,-5.8692178726
-6.7273721695,3.0063290596,-5.8692178726
-6.6617803574,2.5388395786,-5.6706357002
-6.7273721695,3.0063290596,-5.8692178726
-6.7273721695,3.0063290596,-5.8692178726
-6.7273721695,3.0063290596,-5.8692178726
-6.7273721695,3.0063290596,-5.8692178726
-6.7273721695,3.0063290596,-5.8692178726
-6.7273721695,3.0063290596,-5.8692178726
-6.7273721695,3.0063290596,-5.8692178726
-6.7273721695,3.0063290596,-5.8692178726
-6.7273721695,3.0063290596,-5.8692178726
-6.7273721695,3.0063290596,-5.8692178726
-6.7273721695,3.0063290596,-5.8692178726
-6.7273721695,3.0063290596,-5.8692178726
-6.6011219025,2.6232612133,-5.7403006554
-6.6011219025,2.6232612133,-5.7403006554
-6.7273721695,3.0063290596,-5.8692178726
-6.7273721695,3.0063290596,-5.8692178726
-6.7273721695,3.0063290596,-5.8692178726
-6.7273721695,3.0063290596,-5.8692178726
-6.6116452217,2.9856057167,-5.9303693771
-6.6120386124,2.9849302769,-5.9297933578
-6.5091691017,3.3637881279,-6.1684007645
-6.7626600266,2.7194187641,-5.7254590988
-6.9554090500,2.1747467518,-5.3627877235
-6.9554090500,2.1747467518,-5.3627877235
-6.5596632957,3.3888039589,-6.1008715630
-6.9554090500,2.1747467518,-5.3627877235
-6.6292462349,2.9520144463,-5.9008150101
-6.6292462349,2.9520144463,-5.9008150101
-6.6292462349,2.9520144463,-5.9008150101
-6.6292462349,2.9520144463,-5.9008150101
-6.6292462349,2.9520144463,-5.9008150101
-6.6292462349,2.9520144463,-5.9008150101
-6.6292462349,2.9520144463,-5.9008150101
-6.6292462349,2.9520144463,-5.9008150101
-6.6292462349,2.9520144463,-5.9008150101
-6.6292462349,2.9520144463,-5.9008150101
-6.6292462349,2.9520144463,-5.9008150101
-6.6292462349,2.9520144463,-5.9008150101
-6.6292462349,2.9520144463,-5.9008150101
-6.6292462349,2.9520144463,-5.9008150101
-6.6292462349,2.9520144463,-5.9008150101
-6.6292462349,2.9520144463,-5.9008150101
-6.6292462349,2.9520144463,-5.9008150101
-6.6292462349,2.9520144463,-5.9008150101
-6.6292462349,2.9520144463,-5.9008150101
-6.6292462349,2.9520144463,-5.9008150101
-6.6292462349,2.9520144463,-5.9008150101
-5.9762234688,4.3205065727,-6.8650712967
-6.6292462349,2.9520144463,-5.9008150101
-6.6292462349,2.9520144463,-5.9008150101
-6.2008652687,3.9110097885,-6.5673656464
-6.2008652687,3.9110097885,-6.5673656464
-6.6292462349,2.9520144463,-5.9008150101
-6.3328928947,3.7327039242,-6.4269080162
-6.3328928947,3.7327039242,-6.4269080162
-6.3652415276,3.6825146675,-6.3875360489
-6.6292462349,2.9520144463,-5.9008150101
-6.4099102020,3.6136806011,-6.3358521461
-6.6292462349,2.9520144463,-5.9008150101
-6.6292462349,2.9520144463,-5.9008150101
-6.6292462349,2.9520144463,-5.9008150101
-6.6292462349,2.9520144463,-5.9008150101
-6.6292462349,2.9520144463,-5.9008150101
-6.6292462349,2.9520144463,-5.9008150101
-6.6292462349,2.9520144463,-5.9008150101
-6.6292462349,2.9520144463,-5.9008150101
-6.6292462349,2.9520144463,-5.9008150101
-6.6292462349,2.9520144463,-5.9008150101
-6.5489726067,3.4135651588,-6.1916847229
-6.6292462349,2.9520144463,-5.9008150101
-6.6292462349,2.9520144463,-5.9008150101
-6.6292462349,2.9520144463,-5.9008150101
-6.6292462349,2.9520144463,-5.9008150101
-6.6292462349,2.9520144463,-5.9008150101
-6.6292462349,2.9520144463,-5.9008150101
-6.3261284828,3.7417738438,-6.4341068268
-6.3261284828,3.7417738438,-6.4341068268
-6.3261284828,3.7417738438,-6.4341068268
-6.3261284828,3.7417738438,-6.4341068268
-6.3261284828,3.7417738438,-6.4341068268
-6.4115896225,3.6111130714,-6.3338818550
-6.4115896225,3.6111130714,-6.3338818550
-6.4261069298,3.5975563526,-6.3262891769
-6.4261069298,3.5975563526,-6.3262891769
-6.4373188019,3.5844190121,-6.3122100830
-6.5045423508,3.5158128738,-6.2488021851
-7.1364145279,3.1970145702,-6.2141041756
-7.1357698441,3.1975266933,-6.2143874168
-6.8653779030,3.3990242481,-6.3120813370
-6.8037252426,3.3848407269,-6.2652535439
-7.1357698441,3.1975266933,-6.2143874168
-7.1357698441,3.1975266933,-6.2143874168
-6.8184986115,3.3958330154,-6.2514729500
-7.1367545128,3.1969180107,-6.2142572403
-6.7697606087,3.3947007656,-6.2561197281
-7.1357698441,3.1975266933,-6.2143874168
-7.1357698441,3.1975266933,-6.2143874168
-7.1357698441,3.1975266933,-6.2143874168
-7.1357698441,3.1975266933,-6.2143874168
-7.1357698441,3.1975266933,-6.2143874168
-7.1370601654,3.1968693733,-6.2143573761
-7.1370677948,3.1968560219,-6.2143769264
-6.9764499664,3.2865107059,-6.2107734680
-7.1357698441,3.1975266933,-6.2143874168
-4.4170942307,3.5851578712,-5.2453670502
-1.2637246847,3.0870084763,-2.9068109989
3.3889634609,4.5400929451,-2.3849363327
-4.3378686905,3.5787055492,-5.2175631523
-3.8033409119,3.2249245644,-4.5591812134
-6.9321727753,3.1285302639,-6.3409767151
-6.9324522018,3.1287055016,-6.3412466049
-7.0375971794,3.1025757790,-6.3840508461
-7.0375971794,3.1025757790,-6.3840508461
-7.0375971794,3.1025757790,-6.3840508461
-7.0375971794,3.1025757790,-6.3840508461
-7.0375971794,3.1025757790,-6.3840508461
-7.0375971794,3.1025757790,-6.3840508461
-7.0375971794,3.1025757790,-6.3840508461
-6.9201202393,3.1209371090,-6.3316569328
-7.0375971794,3.1025757790,-6.3840508461
-6.9200057983,3.1208646297,-6.3315749168
-7.0375971794,3.1025757790,-6.3840508461
-7.0375971794,3.1025757790,-6.3840508461
-7.0375971794,3.1025757790,-6.3840508461
-7.0375971794,3.1025757790,-6.3840508461
-7.0375971794,3.1025757790,-6.3840508461
-7.0375971794,3.1025757790,-6.3840508461
-7.0375971794,3.1025757790,-6.3840508461
-7.0375971794,3.1025757790,-6.3840508461
-7.0375971794,3.1025757790,-6.3840508461
-6.9089918137,3.1230609417,-6.3297324181
-6.9089918137,3.1230609417,-6.3297324181
-6.9150924683,3.1185379028,-6.3307194710
-6.9163761139,3.1193408966,-6.3318161964
-6.9125819206,3.1169595718,-6.3287606239
-6.9133100510,3.1174135208,-6.3294172287
-6.9048624039,3.1190991402,-6.3263006210
-7.0375971794,3.1025757790,-6.3840508461
-7.0375971794,3.1025757790,-6.3840508461
-7.0375971794,3.1025757790,-6.3840508461
-7.0375971794,3.1025757790,-6.3840508461
-7.0375971794,3.1025757790,-6.3840508461
-7.0375971794,3.1025757790,-6.3840508461
-7.0375971794,3.1025757790,-6.3840508461
-7.0375971794,3.1025757790,-6.3840508461
-7.0375971794,3.1025757790,-6.3840508461
-7.0375971794,3.1025757790,-6.3840508461
-7.0375971794,3.1025757790,-6.3840508461
-7.0375971794,3.1025757790,-6.3840508461
-7.0375971794,3.1025757790,-6.3840508461
-7.0375971794,3.1025757790,-6.3840508461
-7.0375971794,3.1025757790,-6.3840508461
-7.0375971794,3.1025757790,-6.3840508461
-7.0375971794,3.1025757790,-6.3840508461
-7.0375971794,3.1025757790,-6.3840508461
-7.0375971794,3.1025757790,-6.3840508461
-7.0375971794,3.1025757790,-6.3840508461
-7.0375971794,3.1025757790,-6.3840508461
-7.0375971794,3.1025757790,-6.3840508461
-7.0375971794,3.1025757790,-6.3840508461
-7.2557854652,3.2203147411,-6.5683598518
-7.6965374947,3.6096613407,-6.9353985786
-7.6965374947,3.6096613407,-6.9353985786
-7.6965374947,3.6096613407,-6.9353985786
-7.6965374947,3.6096613407,-6.9353985786
-7.7098617554,3.6175320148,-6.9475865364
-7.7098617554,3.6175320148,-6.9475865364
-7.6980447769,3.6109867096,-6.9366164207
-7.7145967484,3.6195604801,-6.9517588615
-7.7145967484,3.6195604801,-6.9517588615
-7.7149930000,3.6196041107,-6.9519858360
-7.7149930000,3.6196041107,-6.9519858360
-7.7157158852,3.6196677685,-6.9526467323
-7.7157006264,3.6196670532,-6.9526219368
-7.6980447769,3.6109867096,-6.9366164207
-6.6562314034,2.8904638290,-6.0964283943
-7.6941337585,3.6094143391,-6.9333410263
-7.6980447769,3.6109867096,-6.9366164207
-7.6939282417,3.6093916893,-6.9331870079
-7.6959118843,3.6096072197,-6.9349679947
-13.8953914642,5.7879986763,-12.0888214111
-13.6754703522,5.7031078339,-11.9066143036
-7.6956214905,3.6095812321,-6.9347443581
-13.5828590393,5.6671595573,-11.8285217285
-7.6980447769,3.6109867096,-6.9366164207
-7.6980447769,3.6109867096,-6.9366164207
-7.6980447769,3.6109867096,-6.9366164207
-7.6980447769,3.6109867096,-6.9366164207
-7.6980447769,3.6109867096,-6.9366164207
-7.6932721138,3.6093263626,-6.9327435493
-7.6980447769,3.6109867096,-6.9366164207
-7.6980447769,3.6109867096,-6.9366164207
-7.6945853233,3.6094756126,-6.9338922501
-7.6936826706,3.6093761921,-6.9331202507
-7.6980447769,3.6109867096,-6.9366164207
-7.6980447769,3.6109867096,-6.9366164207
-7.6980447769,3.6109867096,-6.9366164207
-7.6980447769,3.6109867096,-6.9366164207
-7.6980447769,3.6109867096,-6.9366164207
-7.6980447769,3.6109867096,-6.9366164207
-7.6980447769,3.6109867096,-6.9366164207
-7.6980447769,3.6109867096,-6.9366164207
-7.6980447769,3.6109867096,-6.9366164207
-7.6980447769,3.6109867096,-6.9366164207
-7.6980447769,3.6109867096,-6.9366164207
-7.6980447769,3.6109867096,-6.9366164207
-7.6980447769,3.6109867096,-6.9366164207
-6.9277515411,2.9509494305,-6.3139991760
-6.1159572601,2.5793511868,-5.7286000252
-5.8474106789,3.5258162022,-5.5266971588
-5.8433737755,3.4205794334,-5.5471701622
-5.8423328400,3.4224603176,-5.5464777946
-5.8423328400,3.4224603176,-5.5464777946
-5.9426407814,2.9572231770,-5.6641812325
-5.9441356659,2.9036834240,-5.6682510376
-5.9441356659,2.9036834240,-5.6682510376
-5.9596037865,2.9575970173,-5.6798300743
-6.0647048950,2.5895416737,-5.7765002251
-5.9520030022,2.9566574097,-5.6837100983
-5.9414772987,2.9536511898,-5.6854748726
-5.9410328865,2.9088225365,-5.6865773201
-5.9519248009,2.9614810944,-5.6952886581
-5.9566302299,2.9092175961,-5.7001800537
-5.9566302299,2.9092175961,-5.7001800537
-5.9512271881,2.9160268307,-5.6959319115
-5.9578933716,2.9355456829,-5.7041864395
-5.9563117027,2.9442472458,-5.7140316963
-5.9563117027,2.9442472458,-5.7140316963
-5.9747891426,2.9275848866,-5.7406253815
-5.9705471992,2.9564204216,-5.7382659912
-5.9648194313,2.9668521881,-5.7342467308
-5.9742846489,2.9635238647,-5.7421584129
-5.9663834572,2.9320595264,-5.7378172874
-5.8525085449,3.3981583118,-5.6417021751
-5.8525085449,3.3981583118,-5.6417021751
-5.9835186005,2.9250471592,-5.7518191338
-5.9782524109,2.9474093914,-5.7476425171
-5.9797077179,2.9405441284,-5.7489399910
-5.9713916779,2.9190359116,-5.7538261414
-5.9697232246,2.9215638638,-5.7605671883
-5.9828777313,2.9214718342,-5.7730045319
